"id","instanceID","type","lastSeen","onOff","color","dimmer","protocolTime"
270,65537,2,1605867202,1,"efd275",51,"2020-11-20T21:58:04.000Z"
271,65538,2,1605868423,1,"efd275",48,"2020-11-20T21:58:04.000Z"
272,65540,2,1605882795,0,"efd275",100,"2020-11-20T21:58:04.000Z"
273,65545,2,1605831076,0,"efd275",50,"2020-11-20T21:58:04.000Z"
274,65546,2,1605892658,0,"f1e0b5",50,"2020-11-20T21:58:04.000Z"
275,65547,2,1605892666,0,"f1e0b5",50,"2020-11-20T21:58:04.000Z"
276,65548,2,1605897874,1,"f5faf6",50,"2020-11-20T21:58:04.000Z"
277,65549,2,1605867176,1,"f1e0b5",50,"2020-11-20T21:58:04.000Z"
278,65551,2,1605867199,0,"f1e0b5",100,"2020-11-20T21:58:04.000Z"
279,65552,2,1605896361,1,"efd275",50,"2020-11-20T21:58:04.000Z"
280,65553,2,1605867180,1,"efd275",50,"2020-11-20T21:58:04.000Z"
281,65554,2,1603707195,1,"0",50,"2020-11-20T21:58:04.000Z"
282,65540,2,1605882795,1,"efd275",100,"2020-11-20T21:58:23.000Z"
283,65540,2,1605882795,0,"efd275",100,"2020-11-20T21:59:21.000Z"
284,65540,2,1605882795,1,"efd275",100,"2020-11-20T21:59:25.000Z"
285,65537,2,1605867202,1,"efd275",51,"2020-11-20T22:33:22.000Z"
286,65538,2,1605868423,1,"efd275",48,"2020-11-20T22:33:22.000Z"
287,65540,2,1605882795,1,"efd275",100,"2020-11-20T22:33:22.000Z"
288,65545,2,1605831076,0,"efd275",50,"2020-11-20T22:33:22.000Z"
289,65546,2,1605892658,0,"f1e0b5",50,"2020-11-20T22:33:22.000Z"
290,65547,2,1605892666,0,"f1e0b5",50,"2020-11-20T22:33:22.000Z"
291,65548,2,1605897874,1,"f5faf6",50,"2020-11-20T22:33:23.000Z"
292,65549,2,1605867176,1,"f1e0b5",50,"2020-11-20T22:33:23.000Z"
293,65551,2,1605867199,0,"f1e0b5",100,"2020-11-20T22:33:23.000Z"
294,65552,2,1605896361,1,"efd275",50,"2020-11-20T22:33:23.000Z"
295,65553,2,1605867180,1,"efd275",50,"2020-11-20T22:33:23.000Z"
296,65554,2,1603707195,1,"0",50,"2020-11-20T22:33:23.000Z"
297,65540,2,1605882795,0,"efd275",100,"2020-11-20T22:33:51.000Z"
298,65540,2,1605882795,1,"efd275",100,"2020-11-20T22:33:55.000Z"
299,65552,2,1605896361,0,"efd275",50,"2020-11-20T22:34:36.000Z"
300,65554,2,1603707195,0,"0",50,"2020-11-20T22:34:36.000Z"
301,65540,2,1605882795,0,"efd275",100,"2020-11-20T22:34:36.000Z"
302,65548,2,1605897874,0,"f5faf6",50,"2020-11-20T22:34:36.000Z"
303,65553,2,1605867180,0,"efd275",50,"2020-11-20T22:34:36.000Z"
304,65537,2,1605867202,0,"f1e0b5",51,"2020-11-20T22:56:02.000Z"
305,65538,2,1605868423,0,"f1e0b5",48,"2020-11-20T22:56:02.000Z"
306,65552,2,1605896361,0,"f1e0b5",50,"2020-11-20T22:56:02.000Z"
307,65553,2,1605867180,0,"f1e0b5",50,"2020-11-20T22:56:02.000Z"
308,65554,2,1603707195,0,"f1e0b5",50,"2020-11-20T22:56:02.000Z"
309,65540,2,1605882795,0,"f1e0b5",100,"2020-11-20T22:56:02.000Z"
310,65537,2,1605867202,1,"f1e0b5",51,"2020-11-20T22:56:06.000Z"
311,65538,2,1605868423,1,"f1e0b5",48,"2020-11-20T22:56:06.000Z"
312,65549,2,1605867176,1,"f1e0b5",50,"2020-11-20T22:56:06.000Z"
313,65538,2,1605868423,0,"f1e0b5",48,"2020-11-20T22:56:26.000Z"
314,65538,2,1605868423,0,"f1e0b5",48,"2020-11-20T22:56:29.000Z"
315,65547,2,1605917242,0,"f1e0b5",50,"2020-11-21T00:07:22.000Z"
316,65547,2,1605917242,0,"f1e0b5",50,"2020-11-21T00:07:32.000Z"
317,65546,2,1605917253,0,"f1e0b5",50,"2020-11-21T00:07:33.000Z"
318,65546,2,1605917253,0,"f1e0b5",50,"2020-11-21T00:07:43.000Z"
319,65545,2,1605917476,0,"efd275",50,"2020-11-21T00:11:17.000Z"
320,65547,2,1605917242,0,"f1e0b5",50,"2020-11-21T00:11:27.000Z"
321,65546,2,1605917253,0,"f1e0b5",50,"2020-11-21T00:11:27.000Z"
322,65546,2,1605917491,0,"f1e0b5",50,"2020-11-21T00:11:32.000Z"
323,65546,2,1605917491,0,"f1e0b5",50,"2020-11-21T00:11:36.000Z"
324,65546,2,1605917491,0,"f1e0b5",50,"2020-11-21T00:11:36.000Z"
325,65547,2,1605917242,0,"f1e0b5",50,"2020-11-21T00:11:36.000Z"
326,65545,2,1605917476,0,"efd275",50,"2020-11-21T00:11:36.000Z"
327,65546,2,1605917497,0,"f1e0b5",50,"2020-11-21T00:11:38.000Z"
328,65547,2,1605917242,1,"f1e0b5",50,"2020-11-21T00:11:41.000Z"
329,65546,2,1605917497,1,"f1e0b5",50,"2020-11-21T00:11:41.000Z"
330,65545,2,1605917476,1,"efd275",50,"2020-11-21T00:11:41.000Z"
331,65547,2,1605917501,1,"f1e0b5",50,"2020-11-21T00:11:42.000Z"
332,65547,2,1605917501,1,"f1e0b5",50,"2020-11-21T00:11:43.000Z"
333,65546,2,1605917497,0,"f1e0b5",50,"2020-11-21T00:11:45.000Z"
334,65545,2,1605917476,0,"efd275",50,"2020-11-21T00:11:45.000Z"
335,65547,2,1605917501,0,"f1e0b5",50,"2020-11-21T00:11:45.000Z"
336,65547,2,1605917505,0,"f1e0b5",50,"2020-11-21T00:11:45.000Z"
337,65551,2,1605867199,1,"f1e0b5",100,"2020-11-21T01:31:18.000Z"
338,65538,2,1605868423,0,"f1e0b5",48,"2020-11-21T01:31:41.000Z"
339,65537,2,1605867202,0,"f1e0b5",51,"2020-11-21T01:31:41.000Z"
340,65549,2,1605867176,0,"f1e0b5",50,"2020-11-21T01:31:41.000Z"
341,65551,2,1605867199,0,"f1e0b5",100,"2020-11-21T01:32:03.000Z"
342,65549,2,1605953576,0,"f1e0b5",50,"2020-11-21T10:12:56.000Z"
343,65553,2,1605953580,0,"f1e0b5",50,"2020-11-21T10:13:00.000Z"
344,65551,2,1605953599,0,"f1e0b5",100,"2020-11-21T10:13:19.000Z"
345,65537,2,1605953602,0,"f1e0b5",51,"2020-11-21T10:13:22.000Z"
346,65538,2,1605954823,0,"f1e0b5",48,"2020-11-21T10:33:43.000Z"
347,65547,2,1605917505,1,"f1e0b5",50,"2020-11-21T13:47:39.000Z"
348,65545,2,1605917476,1,"efd275",50,"2020-11-21T13:47:39.000Z"
349,65546,2,1605917497,1,"f1e0b5",50,"2020-11-21T13:47:39.000Z"
350,65546,2,1605968486,1,"f1e0b5",50,"2020-11-21T14:21:27.000Z"
351,65546,2,1605968486,1,"f1e0b5",50,"2020-11-21T14:21:37.000Z"
352,65547,2,1605968497,1,"f1e0b5",50,"2020-11-21T14:21:38.000Z"
353,65547,2,1605968497,1,"f1e0b5",50,"2020-11-21T14:21:48.000Z"
354,65546,2,1605968515,1,"f1e0b5",50,"2020-11-21T14:21:56.000Z"
355,65546,2,1605968515,1,"f1e0b5",50,"2020-11-21T14:21:59.000Z"
356,65546,2,1605968515,1,"f1e0b5",50,"2020-11-21T14:22:00.000Z"
357,65546,2,1605968515,1,"f1e0b5",50,"2020-11-21T14:22:01.000Z"
358,65546,2,1605968515,1,"f1e0b5",50,"2020-11-21T14:22:01.000Z"
359,65546,2,1605968520,1,"f1e0b5",50,"2020-11-21T14:22:01.000Z"
360,65547,2,1605968524,1,"f1e0b5",50,"2020-11-21T14:22:05.000Z"
361,65547,2,1605968524,1,"f1e0b5",50,"2020-11-21T14:22:07.000Z"
362,65547,2,1605968528,1,"f1e0b5",50,"2020-11-21T14:22:09.000Z"
363,65545,2,1605917476,1,"0",50,"2020-11-21T14:23:18.000Z"
364,65546,2,1605968520,0,"f1e0b5",50,"2020-11-21T14:23:18.000Z"
365,65547,2,1605968528,0,"f1e0b5",50,"2020-11-21T14:23:18.000Z"
366,65547,2,1605968528,1,"f1e0b5",50,"2020-11-21T14:23:18.000Z"
367,65546,2,1605968520,1,"f1e0b5",50,"2020-11-21T14:23:18.000Z"
368,65547,2,1605968528,1,"f1e0b5",8,"2020-11-21T14:23:18.000Z"
369,65546,2,1605968520,1,"f1e0b5",8,"2020-11-21T14:23:18.000Z"
370,65547,2,1605968528,0,"f1e0b5",8,"2020-11-21T14:23:18.000Z"
371,65546,2,1605968520,0,"f1e0b5",8,"2020-11-21T14:23:18.000Z"
372,65545,2,1605917476,1,"efd275",50,"2020-11-21T14:23:19.000Z"
373,65545,2,1605917476,0,"efd275",50,"2020-11-21T14:23:19.000Z"
374,65546,2,1605968520,1,"f1e0b5",8,"2020-11-21T14:23:19.000Z"
375,65547,2,1605968528,1,"f1e0b5",8,"2020-11-21T14:23:19.000Z"
376,65546,2,1605968520,0,"f1e0b5",8,"2020-11-21T14:23:21.000Z"
377,65545,2,1605917476,1,"efd275",50,"2020-11-21T14:23:21.000Z"
378,65547,2,1605968528,0,"f1e0b5",8,"2020-11-21T14:23:21.000Z"
379,65546,2,1605968520,0,"f1e0b5",8,"2020-11-21T14:23:29.000Z"
380,65547,2,1605968528,0,"f1e0b5",8,"2020-11-21T14:23:29.000Z"
381,65546,2,1605968520,0,"f1e0b5",8,"2020-11-21T14:23:29.000Z"
382,65547,2,1605968528,0,"f1e0b5",8,"2020-11-21T14:23:29.000Z"
383,65545,2,1605917476,0,"efd275",50,"2020-11-21T14:23:29.000Z"
384,65546,2,1605968520,1,"f1e0b5",8,"2020-11-21T14:23:31.000Z"
385,65547,2,1605968528,1,"f1e0b5",8,"2020-11-21T14:23:31.000Z"
386,65545,2,1605917476,1,"efd275",50,"2020-11-21T14:23:31.000Z"
387,65555,2,1605968652,1,"f1e0b5",22,"2020-11-21T14:24:15.000Z"
388,65555,2,1605968652,1,"f1e0b5",22,"2020-11-21T14:24:16.000Z"
389,65555,2,1605968652,1,"f1e0b5",22,"2020-11-21T14:24:16.000Z"
390,65555,2,1605968652,1,"f1e0b5",22,"2020-11-21T14:24:16.000Z"
391,65555,2,1605968652,1,"f1e0b5",22,"2020-11-21T14:24:17.000Z"
392,65555,2,1605968652,1,"f1e0b5",22,"2020-11-21T14:24:17.000Z"
393,65555,2,1605968652,1,"f1e0b5",22,"2020-11-21T14:24:17.000Z"
394,65555,2,1605968652,1,"f1e0b5",22,"2020-11-21T14:24:17.000Z"
395,65555,2,1605968652,1,"f1e0b5",22,"2020-11-21T14:24:17.000Z"
396,65555,2,1605968656,1,"f1e0b5",22,"2020-11-21T14:24:17.000Z"
397,65555,2,1605968656,1,"f1e0b5",22,"2020-11-21T14:24:18.000Z"
398,65555,2,1605968656,1,"f1e0b5",22,"2020-11-21T14:24:38.000Z"
399,65555,2,1605968656,0,"f1e0b5",22,"2020-11-21T14:24:41.000Z"
400,65555,2,1605968656,1,"f1e0b5",22,"2020-11-21T14:24:43.000Z"
401,65555,2,1605968656,0,"f1e0b5",22,"2020-11-21T14:25:00.000Z"
402,65555,2,1605968656,1,"f1e0b5",22,"2020-11-21T14:25:32.000Z"
403,65555,2,1605968656,1,"f1e0b5",22,"2020-11-21T14:28:11.000Z"
404,65555,2,1605968656,1,"f1e0b5",22,"2020-11-21T14:28:28.000Z"
405,65555,2,1605968656,1,"f1e0b5",22,"2020-11-21T14:28:28.000Z"
406,65555,2,1605968656,1,"f1e0b5",22,"2020-11-21T14:28:29.000Z"
407,65555,2,1605968903,1,"f1e0b5",22,"2020-11-21T14:28:34.000Z"
408,65555,2,1605968903,1,"f1e0b5",22,"2020-11-21T14:28:36.000Z"
409,65555,2,1605968907,1,"f1e0b5",22,"2020-11-21T14:28:38.000Z"
410,65555,2,1605968907,1,"f1e0b5",22,"2020-11-21T14:30:48.000Z"
411,65555,2,1605969042,1,"f1e0b5",22,"2020-11-21T14:30:53.000Z"
412,65555,2,1605969042,1,"f1e0b5",22,"2020-11-21T14:31:02.000Z"
413,65540,2,1605969185,0,"f1e0b5",100,"2020-11-21T14:33:16.000Z"
414,65555,2,1605969042,1,"f1e0b5",22,"2020-11-21T14:40:10.000Z"
415,65555,2,1605969042,1,"f1e0b5",22,"2020-11-21T14:40:11.000Z"
416,65555,2,1605969605,1,"f1e0b5",22,"2020-11-21T14:40:16.000Z"
417,65555,2,1605969605,1,"f1e0b5",22,"2020-11-21T14:40:21.000Z"
418,65555,2,1605969605,1,"f1e0b5",22,"2020-11-21T14:40:26.000Z"
419,65547,2,1605969616,1,"f1e0b5",8,"2020-11-21T14:40:27.000Z"
420,65547,2,1605969616,1,"f1e0b5",8,"2020-11-21T14:40:29.000Z"
421,65547,2,1605969616,1,"f1e0b5",8,"2020-11-21T14:40:29.000Z"
422,65547,2,1605969616,1,"f1e0b5",8,"2020-11-21T14:40:29.000Z"
423,65547,2,1605969620,1,"f1e0b5",8,"2020-11-21T14:40:31.000Z"
424,65546,2,1605969624,1,"f1e0b5",8,"2020-11-21T14:40:35.000Z"
425,65546,2,1605969624,1,"f1e0b5",8,"2020-11-21T14:40:36.000Z"
426,65555,2,1605969605,1,"f1e0b5",22,"2020-11-21T14:40:38.000Z"
427,65546,2,1605969627,1,"f1e0b5",8,"2020-11-21T14:40:38.000Z"
428,65555,2,1605969605,1,"f1e0b5",22,"2020-11-21T14:40:39.000Z"
429,65555,2,1605969633,1,"f1e0b5",22,"2020-11-21T14:40:44.000Z"
430,65555,2,1605969633,1,"f1e0b5",22,"2020-11-21T14:40:45.000Z"
431,65555,2,1605969636,1,"f1e0b5",22,"2020-11-21T14:40:47.000Z"
432,65555,2,1605969636,1,"f1e0b5",22,"2020-11-21T15:00:08.000Z"
433,65555,2,1605970800,1,"f1e0b5",22,"2020-11-21T15:00:11.000Z"
434,65555,2,1605970800,1,"f1e0b5",22,"2020-11-21T15:00:13.000Z"
435,65555,2,1605970804,1,"f1e0b5",22,"2020-11-21T15:00:15.000Z"
436,65547,2,1605970808,1,"f1e0b5",8,"2020-11-21T15:00:19.000Z"
437,65547,2,1605970808,1,"f1e0b5",8,"2020-11-21T15:00:21.000Z"
438,65547,2,1605970808,1,"f1e0b5",8,"2020-11-21T15:00:21.000Z"
439,65547,2,1605970811,1,"f1e0b5",8,"2020-11-21T15:00:23.000Z"
440,65546,2,1605970815,1,"f1e0b5",8,"2020-11-21T15:00:26.000Z"
441,65546,2,1605970815,1,"f1e0b5",8,"2020-11-21T15:00:28.000Z"
442,65546,2,1605970815,1,"f1e0b5",8,"2020-11-21T15:00:28.000Z"
443,65546,2,1605970815,1,"f1e0b5",8,"2020-11-21T15:00:28.000Z"
444,65546,2,1605970819,1,"f1e0b5",8,"2020-11-21T15:00:30.000Z"
445,65555,2,1605970804,1,"f1e0b5",22,"2020-11-21T15:17:04.000Z"
446,65555,2,1605971816,1,"f1e0b5",22,"2020-11-21T15:17:07.000Z"
447,65555,2,1605971816,1,"f1e0b5",22,"2020-11-21T15:17:09.000Z"
448,65555,2,1605971819,1,"f1e0b5",22,"2020-11-21T15:17:11.000Z"
449,65547,2,1605971823,1,"f1e0b5",8,"2020-11-21T15:17:14.000Z"
450,65547,2,1605971823,1,"f1e0b5",8,"2020-11-21T15:17:16.000Z"
451,65547,2,1605971823,1,"f1e0b5",8,"2020-11-21T15:17:17.000Z"
452,65547,2,1605971827,1,"f1e0b5",8,"2020-11-21T15:17:18.000Z"
453,65546,2,1605971831,1,"f1e0b5",8,"2020-11-21T15:17:22.000Z"
454,65546,2,1605971831,1,"f1e0b5",8,"2020-11-21T15:17:23.000Z"
455,65546,2,1605971831,1,"f1e0b5",8,"2020-11-21T15:17:24.000Z"
456,65546,2,1605971834,1,"f1e0b5",8,"2020-11-21T15:17:25.000Z"
457,65555,2,1605971819,1,"f1e0b5",22,"2020-11-21T15:18:33.000Z"
458,65555,2,1605971907,1,"f1e0b5",22,"2020-11-21T15:18:38.000Z"
459,65555,2,1605971907,1,"f1e0b5",22,"2020-11-21T15:18:40.000Z"
460,65555,2,1605971910,1,"f1e0b5",22,"2020-11-21T15:18:41.000Z"
461,65547,2,1605971914,1,"f1e0b5",8,"2020-11-21T15:18:45.000Z"
462,65547,2,1605971914,1,"f1e0b5",8,"2020-11-21T15:18:47.000Z"
463,65547,2,1605971914,1,"f1e0b5",8,"2020-11-21T15:18:48.000Z"
464,65547,2,1605971918,1,"f1e0b5",8,"2020-11-21T15:18:49.000Z"
465,65546,2,1605971922,1,"f1e0b5",8,"2020-11-21T15:18:53.000Z"
466,65546,2,1605971922,1,"f1e0b5",8,"2020-11-21T15:18:55.000Z"
467,65546,2,1605971922,1,"f1e0b5",8,"2020-11-21T15:18:55.000Z"
468,65546,2,1605971922,1,"f1e0b5",8,"2020-11-21T15:18:55.000Z"
469,65546,2,1605971925,1,"f1e0b5",8,"2020-11-21T15:18:56.000Z"
470,65556,2,1605972741,1,"f1e0b5",22,"2020-11-21T15:32:34.000Z"
471,65556,2,1605972741,1,"f1e0b5",22,"2020-11-21T15:32:36.000Z"
472,65556,2,1605972741,1,"f1e0b5",22,"2020-11-21T15:32:36.000Z"
473,65556,2,1605972741,1,"f1e0b5",22,"2020-11-21T15:32:36.000Z"
474,65556,2,1605972741,1,"f1e0b5",22,"2020-11-21T15:32:36.000Z"
475,65556,2,1605972745,1,"f1e0b5",22,"2020-11-21T15:32:36.000Z"
476,65556,2,1605972745,1,"f1e0b5",22,"2020-11-21T15:32:37.000Z"
477,65556,2,1605972745,1,"f1e0b5",22,"2020-11-21T15:32:37.000Z"
478,65556,2,1605972745,1,"f1e0b5",22,"2020-11-21T15:32:37.000Z"
479,65556,2,1605972745,1,"f1e0b5",22,"2020-11-21T15:32:38.000Z"
480,65556,2,1605972745,1,"f1e0b5",22,"2020-11-21T15:32:38.000Z"
481,65556,2,1605972745,1,"f1e0b5",22,"2020-11-21T15:32:38.000Z"
482,65556,2,1605972745,1,"f1e0b5",22,"2020-11-21T15:32:38.000Z"
483,65557,2,1605972760,1,"f1e0b5",22,"2020-11-21T15:33:03.000Z"
484,65557,2,1605972760,1,"f1e0b5",22,"2020-11-21T15:33:03.000Z"
485,65557,2,1605972760,1,"f1e0b5",22,"2020-11-21T15:33:03.000Z"
486,65557,2,1605972760,1,"f1e0b5",22,"2020-11-21T15:33:03.000Z"
487,65557,2,1605972760,1,"f1e0b5",22,"2020-11-21T15:33:04.000Z"
488,65557,2,1605972760,1,"f1e0b5",22,"2020-11-21T15:33:04.000Z"
489,65557,2,1605972760,1,"f1e0b5",22,"2020-11-21T15:33:04.000Z"
490,65557,2,1605972763,1,"f1e0b5",22,"2020-11-21T15:33:05.000Z"
491,65556,2,1605972745,0,"f1e0b5",22,"2020-11-21T15:33:42.000Z"
492,65556,2,1605972745,1,"f1e0b5",22,"2020-11-21T15:33:43.000Z"
493,65557,2,1605972763,0,"f1e0b5",22,"2020-11-21T15:33:44.000Z"
494,65557,2,1605972763,1,"f1e0b5",22,"2020-11-21T15:33:45.000Z"
495,65556,2,1605972745,1,"f1e0b5",22,"2020-11-21T15:34:08.000Z"
496,65557,2,1605972763,1,"f1e0b5",22,"2020-11-21T15:34:15.000Z"
497,65556,2,1605972745,0,"f1e0b5",22,"2020-11-21T15:34:21.000Z"
498,65556,2,1605972745,1,"f1e0b5",22,"2020-11-21T15:34:22.000Z"
499,65556,2,1605972745,1,"f1e0b5",22,"2020-11-21T15:34:35.000Z"
500,65557,2,1605972763,1,"f1e0b5",22,"2020-11-21T15:34:42.000Z"
501,65556,2,1605972745,1,"f1e0b5",22,"2020-11-21T15:34:46.000Z"
502,65556,2,1605972745,0,"f1e0b5",22,"2020-11-21T15:34:58.000Z"
503,65556,2,1605972745,1,"f1e0b5",22,"2020-11-21T15:34:59.000Z"
504,65556,2,1605972745,1,"f1e0b5",49,"2020-11-21T15:35:02.000Z"
505,65556,2,1605972745,1,"f1e0b5",28,"2020-11-21T15:35:03.000Z"
506,65556,2,1605972745,1,"f1e0b5",49,"2020-11-21T15:35:04.000Z"
507,65557,2,1605972763,1,"f1e0b5",50,"2020-11-21T15:35:05.000Z"
508,65557,2,1605972763,1,"f1e0b5",28,"2020-11-21T15:35:06.000Z"
509,65557,2,1605972763,1,"f1e0b5",50,"2020-11-21T15:35:07.000Z"
510,65555,2,1605971910,1,"f1e0b5",100,"2020-11-21T15:35:31.000Z"
511,65555,2,1605971910,1,"f1e0b5",35,"2020-11-21T15:35:32.000Z"
512,65555,2,1605971910,1,"f1e0b5",100,"2020-11-21T15:35:33.000Z"
513,65537,2,1605953602,1,"f1e0b5",51,"2020-11-21T15:35:37.000Z"
514,65549,2,1605953576,1,"f1e0b5",50,"2020-11-21T15:35:37.000Z"
515,65538,2,1605954823,1,"f1e0b5",48,"2020-11-21T15:35:37.000Z"
516,65545,2,1605917476,1,"efd275",100,"2020-11-21T15:35:44.000Z"
517,65547,2,1605971918,1,"f1e0b5",100,"2020-11-21T15:35:44.000Z"
518,65546,2,1605971925,1,"f1e0b5",100,"2020-11-21T15:35:44.000Z"
519,65545,2,1605917476,1,"efd275",58,"2020-11-21T15:35:44.000Z"
520,65546,2,1605971925,1,"f1e0b5",100,"2020-11-21T15:35:45.000Z"
521,65547,2,1605971918,1,"f1e0b5",100,"2020-11-21T15:35:45.000Z"
522,65545,2,1605917476,1,"efd275",100,"2020-11-21T15:35:45.000Z"
523,65546,2,1605971925,0,"f1e0b5",100,"2020-11-21T15:36:09.000Z"
524,65545,2,1605917476,0,"efd275",100,"2020-11-21T15:36:09.000Z"
525,65547,2,1605971918,0,"f1e0b5",100,"2020-11-21T15:36:09.000Z"
526,65545,2,1605917476,1,"efd275",100,"2020-11-21T15:36:18.000Z"
527,65546,2,1605971925,1,"f1e0b5",100,"2020-11-21T15:36:18.000Z"
528,65547,2,1605971918,1,"f1e0b5",100,"2020-11-21T15:36:18.000Z"
529,65557,2,1605972763,1,"f1e0b5",50,"2020-11-21T15:37:03.000Z"
530,65557,2,1605972763,1,"f1e0b5",50,"2020-11-21T15:37:20.000Z"
531,65557,2,1605972763,1,"f1e0b5",50,"2020-11-21T15:37:21.000Z"
532,65557,2,1605972763,1,"f1e0b5",50,"2020-11-21T15:37:21.000Z"
533,65557,2,1605973026,1,"f1e0b5",50,"2020-11-21T15:37:27.000Z"
534,65557,2,1605973026,1,"f1e0b5",50,"2020-11-21T15:37:29.000Z"
535,65557,2,1605973029,1,"f1e0b5",50,"2020-11-21T15:37:31.000Z"
536,65555,2,1605971910,1,"f1e0b5",100,"2020-11-21T15:39:21.000Z"
537,65555,2,1605971910,0,"f1e0b5",100,"2020-11-21T15:39:23.000Z"
538,65555,2,1605971910,1,"f1e0b5",100,"2020-11-21T15:39:24.000Z"
539,65556,2,1605972745,0,"f1e0b5",49,"2020-11-21T15:40:18.000Z"
540,65556,2,1605972745,1,"f1e0b5",49,"2020-11-21T15:40:20.000Z"
541,65556,2,1605972745,0,"f1e0b5",49,"2020-11-21T15:40:26.000Z"
542,65556,2,1605972745,1,"f1e0b5",49,"2020-11-21T15:40:26.000Z"
543,65556,2,1605972745,1,"f1e0b5",49,"2020-11-21T15:40:55.000Z"
544,65556,2,1605972745,1,"f1e0b5",49,"2020-11-21T15:41:12.000Z"
545,65556,2,1605972745,1,"f1e0b5",49,"2020-11-21T15:41:13.000Z"
546,65556,2,1605972745,1,"f1e0b5",49,"2020-11-21T15:41:13.000Z"
547,65555,2,1605971910,0,"f1e0b5",100,"2020-11-21T15:41:17.000Z"
548,65555,2,1605971910,1,"f1e0b5",100,"2020-11-21T15:41:18.000Z"
549,65556,2,1605973258,1,"f1e0b5",49,"2020-11-21T15:41:19.000Z"
550,65556,2,1605973258,1,"f1e0b5",49,"2020-11-21T15:41:21.000Z"
551,65556,2,1605973261,1,"f1e0b5",49,"2020-11-21T15:41:22.000Z"
552,65556,2,1605973261,0,"f1e0b5",0,"2020-11-21T15:41:50.000Z"
553,65556,2,1605973261,0,"f1e0b5",0,"2020-11-21T15:41:50.000Z"
554,65556,2,1605973261,0,"f1e0b5",0,"2020-11-21T15:41:50.000Z"
555,65556,2,1605973261,1,"f1e0b5",0,"2020-11-21T15:41:50.000Z"
556,65556,2,1605973261,1,"f1e0b5",49,"2020-11-21T15:41:51.000Z"
557,65556,2,1605973261,1,"f1e0b5",49,"2020-11-21T15:41:51.000Z"
558,65556,2,1605973261,1,"f1e0b5",66,"2020-11-21T15:41:51.000Z"
559,65556,2,1605973261,1,"f1e0b5",65,"2020-11-21T15:41:51.000Z"
560,65556,2,1605973261,1,"f1e0b5",65,"2020-11-21T15:41:52.000Z"
561,65556,2,1605973261,1,"f1e0b5",56,"2020-11-21T15:41:52.000Z"
562,65556,2,1605973261,1,"f1e0b5",52,"2020-11-21T15:41:53.000Z"
563,65556,2,1605973261,1,"f1e0b5",52,"2020-11-21T15:41:53.000Z"
564,65556,2,1605973261,1,"f1e0b5",51,"2020-11-21T15:41:53.000Z"
565,65556,2,1605973261,1,"f1e0b5",49,"2020-11-21T15:41:53.000Z"
566,65556,2,1605973261,1,"f1e0b5",49,"2020-11-21T15:41:54.000Z"
567,65557,2,1605973029,0,"f1e0b5",50,"2020-11-21T15:42:10.000Z"
568,65557,2,1605973029,1,"f1e0b5",50,"2020-11-21T15:42:10.000Z"
569,65548,2,1605897874,1,"f5faf6",50,"2020-11-21T15:51:26.000Z"
570,65552,2,1605896361,1,"f1e0b5",50,"2020-11-21T15:51:26.000Z"
571,65540,2,1605969185,1,"f1e0b5",100,"2020-11-21T15:51:26.000Z"
572,65553,2,1605953580,1,"f1e0b5",50,"2020-11-21T15:51:26.000Z"
573,65554,2,1603707195,1,"f1e0b5",50,"2020-11-21T15:51:26.000Z"
574,65552,2,1605896361,1,"f1e0b5",100,"2020-11-21T15:51:31.000Z"
575,65540,2,1605969185,1,"f1e0b5",100,"2020-11-21T15:51:31.000Z"
576,65548,2,1605897874,1,"f5faf6",100,"2020-11-21T15:51:31.000Z"
577,65554,2,1603707195,1,"f1e0b5",100,"2020-11-21T15:51:31.000Z"
578,65552,2,1605896361,1,"f1e0b5",58,"2020-11-21T15:51:31.000Z"
579,65553,2,1605953580,1,"f1e0b5",100,"2020-11-21T15:51:31.000Z"
580,65553,2,1605953580,1,"f1e0b5",58,"2020-11-21T15:51:31.000Z"
581,65548,2,1605897874,1,"f5faf6",100,"2020-11-21T15:51:31.000Z"
582,65552,2,1605896361,1,"f1e0b5",100,"2020-11-21T15:51:32.000Z"
583,65553,2,1605953580,1,"f1e0b5",100,"2020-11-21T15:51:32.000Z"
584,65537,2,1605953602,1,"f1e0b5",100,"2020-11-21T15:52:35.000Z"
585,65538,2,1605954823,1,"f1e0b5",100,"2020-11-21T15:52:36.000Z"
586,65549,2,1605953576,1,"f1e0b5",100,"2020-11-21T15:52:36.000Z"
587,65537,2,1605953602,1,"f1e0b5",59,"2020-11-21T15:52:36.000Z"
588,65538,2,1605954823,1,"f1e0b5",56,"2020-11-21T15:52:36.000Z"
589,65549,2,1605953576,1,"f1e0b5",100,"2020-11-21T15:52:36.000Z"
590,65537,2,1605953602,1,"f1e0b5",100,"2020-11-21T15:52:37.000Z"
591,65538,2,1605954823,1,"f1e0b5",100,"2020-11-21T15:52:37.000Z"
592,65557,2,1605974902,1,"f1e0b5",50,"2020-11-21T16:08:45.000Z"
593,65557,2,1605974904,1,"f1e0b5",50,"2020-11-21T16:08:47.000Z"
594,65537,2,1605953602,1,"f1e0b5",19,"2020-11-21T16:15:24.000Z"
595,65538,2,1605954823,1,"f1e0b5",20,"2020-11-21T16:15:24.000Z"
596,65552,2,1605896361,1,"f1e0b5",20,"2020-11-21T16:15:24.000Z"
597,65553,2,1605953580,1,"f1e0b5",19,"2020-11-21T16:15:24.000Z"
598,65554,2,1603707195,1,"f1e0b5",20,"2020-11-21T16:15:24.000Z"
599,65537,2,1605953602,1,"f1e0b5",19,"2020-11-21T16:15:24.000Z"
600,65540,2,1605969185,1,"f1e0b5",30,"2020-11-21T16:15:24.000Z"
601,65538,2,1605954823,1,"f1e0b5",20,"2020-11-21T16:15:24.000Z"
602,65553,2,1605953580,1,"f1e0b5",19,"2020-11-21T16:15:25.000Z"
603,65552,2,1605896361,1,"f1e0b5",20,"2020-11-21T16:15:25.000Z"
604,65540,2,1605969185,1,"f1e0b5",30,"2020-11-21T16:15:25.000Z"
605,65549,2,1605953576,1,"f1e0b5",100,"2020-11-21T16:15:29.000Z"
606,65538,2,1605954823,1,"f1e0b5",20,"2020-11-21T16:15:29.000Z"
607,65537,2,1605953602,1,"f1e0b5",19,"2020-11-21T16:15:29.000Z"
608,65549,2,1605953576,1,"f1e0b5",100,"2020-11-21T16:15:33.000Z"
609,65538,2,1605954823,1,"f1e0b5",100,"2020-11-21T16:15:33.000Z"
610,65537,2,1605953602,1,"f1e0b5",100,"2020-11-21T16:15:33.000Z"
611,65538,2,1605954823,1,"f1e0b5",33,"2020-11-21T16:15:33.000Z"
612,65537,2,1605953602,1,"f1e0b5",32,"2020-11-21T16:15:33.000Z"
613,65538,2,1605954823,1,"f1e0b5",100,"2020-11-21T16:15:34.000Z"
614,65537,2,1605953602,1,"f1e0b5",100,"2020-11-21T16:15:34.000Z"
615,65548,2,1605897874,1,"f5faf6",100,"2020-11-21T16:23:09.000Z"
616,65552,2,1605896361,1,"f1e0b5",100,"2020-11-21T16:23:09.000Z"
617,65554,2,1603707195,1,"f1e0b5",100,"2020-11-21T16:23:09.000Z"
618,65553,2,1605953580,1,"f1e0b5",100,"2020-11-21T16:23:09.000Z"
619,65552,2,1605896361,1,"f1e0b5",34,"2020-11-21T16:23:09.000Z"
620,65540,2,1605969185,1,"f1e0b5",100,"2020-11-21T16:23:09.000Z"
621,65553,2,1605953580,1,"f1e0b5",33,"2020-11-21T16:23:09.000Z"
622,65540,2,1605969185,1,"f1e0b5",42,"2020-11-21T16:23:10.000Z"
623,65552,2,1605896361,1,"f1e0b5",100,"2020-11-21T16:23:10.000Z"
624,65553,2,1605953580,1,"f1e0b5",100,"2020-11-21T16:23:10.000Z"
625,65540,2,1605969185,1,"f1e0b5",100,"2020-11-21T16:23:11.000Z"
626,65554,2,1603707195,1,"f1e0b5",100,"2020-11-21T16:52:29.000Z"
627,65552,2,1605896361,1,"f1e0b5",100,"2020-11-21T16:52:29.000Z"
628,65540,2,1605969185,1,"f1e0b5",100,"2020-11-21T16:52:30.000Z"
629,65553,2,1605953580,1,"f1e0b5",100,"2020-11-21T16:52:30.000Z"
630,65548,2,1605897874,1,"f5faf6",100,"2020-11-21T16:52:30.000Z"
631,65554,2,1603707195,0,"f1e0b5",100,"2020-11-21T16:54:05.000Z"
632,65552,2,1605896361,0,"f1e0b5",100,"2020-11-21T16:54:05.000Z"
633,65540,2,1605969185,0,"f1e0b5",100,"2020-11-21T16:54:05.000Z"
634,65548,2,1605897874,0,"f5faf6",100,"2020-11-21T16:54:05.000Z"
635,65553,2,1605953580,0,"f1e0b5",100,"2020-11-21T16:54:05.000Z"
636,65555,2,1605971910,0,"f1e0b5",100,"2020-11-21T16:56:25.000Z"
637,65556,2,1605973261,0,"f1e0b5",49,"2020-11-21T16:56:44.000Z"
638,65557,2,1605974904,0,"f1e0b5",50,"2020-11-21T16:56:44.000Z"
639,65557,2,1605974904,0,"f1e0b5",50,"2020-11-21T16:56:57.000Z"
640,65556,2,1605973261,0,"f1e0b5",49,"2020-11-21T16:56:57.000Z"
641,65556,2,1605973261,1,"f1e0b5",49,"2020-11-21T16:56:58.000Z"
642,65557,2,1605974904,1,"f1e0b5",50,"2020-11-21T16:56:58.000Z"
643,65556,2,1605977799,1,"f1e0b5",49,"2020-11-21T16:57:02.000Z"
644,65556,2,1605977799,1,"f1e0b5",49,"2020-11-21T16:57:03.000Z"
645,65556,2,1605977803,1,"f1e0b5",49,"2020-11-21T16:57:05.000Z"
646,65557,2,1605977806,1,"f1e0b5",50,"2020-11-21T16:57:09.000Z"
647,65557,2,1605977806,1,"f1e0b5",50,"2020-11-21T16:57:11.000Z"
648,65557,2,1605977810,1,"f1e0b5",50,"2020-11-21T16:57:13.000Z"
649,65556,2,1605977803,0,"f1e0b5",49,"2020-11-21T16:57:25.000Z"
650,65557,2,1605977810,0,"f1e0b5",50,"2020-11-21T16:57:25.000Z"
651,65545,2,1605917476,0,"efd275",100,"2020-11-21T17:40:36.000Z"
652,65547,2,1605971918,0,"f1e0b5",100,"2020-11-21T17:40:36.000Z"
653,65546,2,1605971925,0,"f1e0b5",100,"2020-11-21T17:40:36.000Z"
654,65557,2,1605977810,1,"f1e0b5",50,"2020-11-21T17:47:32.000Z"
655,65556,2,1605977803,1,"f1e0b5",49,"2020-11-21T17:47:33.000Z"
656,65556,2,1605977803,0,"f1e0b5",49,"2020-11-21T17:48:03.000Z"
657,65557,2,1605977810,0,"f1e0b5",50,"2020-11-21T17:48:03.000Z"
658,65547,2,1605971918,1,"f1e0b5",100,"2020-11-21T18:08:48.000Z"
659,65545,2,1605917476,1,"efd275",100,"2020-11-21T18:08:48.000Z"
660,65546,2,1605971925,1,"f1e0b5",100,"2020-11-21T18:08:48.000Z"
661,65545,2,1605917476,0,"efd275",100,"2020-11-21T18:09:05.000Z"
662,65547,2,1605971918,0,"f1e0b5",100,"2020-11-21T18:09:05.000Z"
663,65546,2,1605971925,0,"f1e0b5",100,"2020-11-21T18:09:05.000Z"
664,65552,2,1605982738,0,"f1e0b5",100,"2020-11-21T18:19:21.000Z"
665,65548,2,1605984252,0,"f5faf6",100,"2020-11-21T18:44:35.000Z"
666,65540,2,1605969185,1,"f5faf6",100,"2020-11-21T19:26:29.000Z"
667,65540,2,1605969185,1,"f5faf6",100,"2020-11-21T19:26:29.000Z"
668,65540,2,1605969185,1,"0",100,"2020-11-21T19:27:48.000Z"
669,65540,2,1605969185,0,"0",100,"2020-11-21T19:29:45.000Z"
670,65540,2,1605969185,1,"0",100,"2020-11-21T19:29:48.000Z"
671,65537,2,1605953602,1,"f1e0b5",100,"2020-11-21T19:30:45.000Z"
672,65538,2,1605954823,1,"f1e0b5",100,"2020-11-21T19:30:45.000Z"
673,65545,2,1605917476,0,"efd275",100,"2020-11-21T19:30:45.000Z"
674,65546,2,1605971925,0,"f1e0b5",100,"2020-11-21T19:30:46.000Z"
675,65540,2,1605969185,1,"0",100,"2020-11-21T19:30:46.000Z"
676,65551,2,1605953599,0,"f1e0b5",100,"2020-11-21T19:30:46.000Z"
677,65548,2,1605984252,0,"f5faf6",100,"2020-11-21T19:30:46.000Z"
678,65549,2,1605953576,1,"f1e0b5",100,"2020-11-21T19:30:46.000Z"
679,65552,2,1605982738,0,"f1e0b5",100,"2020-11-21T19:30:46.000Z"
680,65547,2,1605971918,0,"f1e0b5",100,"2020-11-21T19:30:46.000Z"
681,65556,2,1605977803,0,"f1e0b5",49,"2020-11-21T19:30:46.000Z"
682,65553,2,1605953580,0,"f1e0b5",100,"2020-11-21T19:30:46.000Z"
683,65557,2,1605977810,0,"f1e0b5",50,"2020-11-21T19:30:46.000Z"
684,65554,2,1603707195,0,"f1e0b5",100,"2020-11-21T19:30:46.000Z"
685,65555,2,1605971910,0,"f1e0b5",100,"2020-11-21T19:30:46.000Z"
686,65540,2,1605969185,0,"0",100,"2020-11-21T19:30:53.000Z"
687,65540,2,1605969185,1,"0",100,"2020-11-21T19:30:56.000Z"
688,65537,2,1605953602,1,"f1e0b5",100,"2020-11-21T19:31:08.000Z"
689,65538,2,1605954823,1,"f1e0b5",100,"2020-11-21T19:31:08.000Z"
690,65540,2,1605969185,1,"0",100,"2020-11-21T19:31:08.000Z"
691,65546,2,1605971925,0,"f1e0b5",100,"2020-11-21T19:31:08.000Z"
692,65545,2,1605917476,0,"efd275",100,"2020-11-21T19:31:08.000Z"
693,65549,2,1605953576,1,"f1e0b5",100,"2020-11-21T19:31:08.000Z"
694,65547,2,1605971918,0,"f1e0b5",100,"2020-11-21T19:31:08.000Z"
695,65548,2,1605984252,0,"f5faf6",100,"2020-11-21T19:31:08.000Z"
696,65551,2,1605953599,0,"f1e0b5",100,"2020-11-21T19:31:08.000Z"
697,65553,2,1605953580,0,"f1e0b5",100,"2020-11-21T19:31:08.000Z"
698,65554,2,1603707195,0,"f1e0b5",100,"2020-11-21T19:31:08.000Z"
699,65556,2,1605977803,0,"f1e0b5",49,"2020-11-21T19:31:08.000Z"
700,65552,2,1605982738,0,"f1e0b5",100,"2020-11-21T19:31:08.000Z"
701,65557,2,1605977810,0,"f1e0b5",50,"2020-11-21T19:31:08.000Z"
702,65555,2,1605971910,0,"f1e0b5",100,"2020-11-21T19:31:08.000Z"
703,65540,2,1605969185,0,"0",100,"2020-11-21T19:31:17.000Z"
704,65540,2,1605969185,1,"0",51,"2020-11-21T19:32:45.000Z"
705,65540,2,1605969185,1,"0",51,"2020-11-21T19:32:45.000Z"
706,65540,2,1605969185,1,"0",51,"2020-11-21T19:32:45.000Z"
707,65540,2,1605969185,1,"0",51,"2020-11-21T19:32:45.000Z"
708,65540,2,1605969185,1,"0",51,"2020-11-21T19:32:45.000Z"
709,65537,2,1605953602,1,"f1e0b5",100,"2020-11-21T19:33:19.000Z"
710,65538,2,1605954823,1,"f1e0b5",100,"2020-11-21T19:33:19.000Z"
711,65540,2,1605969185,1,"0",51,"2020-11-21T19:33:19.000Z"
712,65545,2,1605917476,0,"efd275",100,"2020-11-21T19:33:19.000Z"
713,65546,2,1605971925,0,"f1e0b5",100,"2020-11-21T19:33:19.000Z"
714,65547,2,1605971918,0,"f1e0b5",100,"2020-11-21T19:33:19.000Z"
715,65548,2,1605984252,0,"f5faf6",100,"2020-11-21T19:33:19.000Z"
716,65549,2,1605953576,1,"f1e0b5",100,"2020-11-21T19:33:19.000Z"
717,65551,2,1605953599,0,"f1e0b5",100,"2020-11-21T19:33:19.000Z"
718,65552,2,1605982738,0,"f1e0b5",100,"2020-11-21T19:33:19.000Z"
719,65553,2,1605953580,0,"f1e0b5",100,"2020-11-21T19:33:19.000Z"
720,65556,2,1605977803,0,"f1e0b5",49,"2020-11-21T19:33:19.000Z"
721,65555,2,1605971910,0,"f1e0b5",100,"2020-11-21T19:33:19.000Z"
722,65554,2,1603707195,0,"f1e0b5",100,"2020-11-21T19:33:19.000Z"
723,65557,2,1605977810,0,"f1e0b5",50,"2020-11-21T19:33:19.000Z"
724,65548,2,1605984252,1,"f5faf6",100,"2020-11-21T19:33:26.000Z"
725,65548,2,1605984252,0,"f5faf6",100,"2020-11-21T19:33:27.000Z"
726,65540,2,1605969185,0,"0",51,"2020-11-21T19:33:28.000Z"
727,65540,2,1605969185,1,"0",51,"2020-11-21T19:33:28.000Z"
728,65537,2,1605953602,1,"f1e0b5",100,"2020-11-21T19:34:01.000Z"
729,65538,2,1605954823,1,"f1e0b5",100,"2020-11-21T19:34:01.000Z"
730,65540,2,1605969185,1,"0",51,"2020-11-21T19:34:01.000Z"
731,65545,2,1605917476,0,"efd275",100,"2020-11-21T19:34:01.000Z"
732,65546,2,1605971925,0,"f1e0b5",100,"2020-11-21T19:34:01.000Z"
733,65547,2,1605971918,0,"f1e0b5",100,"2020-11-21T19:34:01.000Z"
734,65549,2,1605953576,1,"f1e0b5",100,"2020-11-21T19:34:01.000Z"
735,65548,2,1605984252,0,"f5faf6",100,"2020-11-21T19:34:01.000Z"
736,65552,2,1605982738,0,"f1e0b5",100,"2020-11-21T19:34:01.000Z"
737,65555,2,1605971910,0,"f1e0b5",100,"2020-11-21T19:34:01.000Z"
738,65553,2,1605953580,0,"f1e0b5",100,"2020-11-21T19:34:01.000Z"
739,65554,2,1603707195,0,"f1e0b5",100,"2020-11-21T19:34:01.000Z"
740,65557,2,1605977810,0,"f1e0b5",50,"2020-11-21T19:34:01.000Z"
741,65551,2,1605953599,0,"f1e0b5",100,"2020-11-21T19:34:01.000Z"
742,65556,2,1605977803,0,"f1e0b5",49,"2020-11-21T19:34:02.000Z"
743,65537,2,1605953602,1,"f1e0b5",100,"2020-11-21T19:37:02.000Z"
744,65538,2,1605954823,1,"f1e0b5",100,"2020-11-21T19:37:02.000Z"
745,65540,2,1605969185,1,"0",51,"2020-11-21T19:37:02.000Z"
746,65545,2,1605917476,0,"efd275",100,"2020-11-21T19:37:02.000Z"
747,65546,2,1605971925,0,"f1e0b5",100,"2020-11-21T19:37:02.000Z"
748,65548,2,1605984252,0,"f5faf6",100,"2020-11-21T19:37:02.000Z"
749,65547,2,1605971918,0,"f1e0b5",100,"2020-11-21T19:37:02.000Z"
750,65549,2,1605953576,1,"f1e0b5",100,"2020-11-21T19:37:02.000Z"
751,65551,2,1605953599,0,"f1e0b5",100,"2020-11-21T19:37:02.000Z"
752,65553,2,1605953580,0,"f1e0b5",100,"2020-11-21T19:37:02.000Z"
753,65552,2,1605982738,0,"f1e0b5",100,"2020-11-21T19:37:02.000Z"
754,65555,2,1605971910,0,"f1e0b5",100,"2020-11-21T19:37:02.000Z"
755,65554,2,1603707195,0,"f1e0b5",100,"2020-11-21T19:37:02.000Z"
756,65556,2,1605977803,0,"f1e0b5",49,"2020-11-21T19:37:02.000Z"
757,65557,2,1605977810,0,"f1e0b5",50,"2020-11-21T19:37:02.000Z"
768,65555,2,1605971910,0,"f1e0b5",100,"2020-11-21T19:37:07.000Z"
769,65553,2,1605953580,0,"f1e0b5",100,"2020-11-21T19:37:07.000Z"
770,65556,2,1605977803,0,"f1e0b5",49,"2020-11-21T19:37:07.000Z"
771,65557,2,1605977810,0,"f1e0b5",50,"2020-11-21T19:37:07.000Z"
772,65554,2,1603707195,0,"f1e0b5",100,"2020-11-21T19:37:07.000Z"
758,65537,2,1605953602,1,"f1e0b5",100,"2020-11-21T19:37:07.000Z"
759,65538,2,1605954823,1,"f1e0b5",100,"2020-11-21T19:37:07.000Z"
760,65540,2,1605969185,1,"0",51,"2020-11-21T19:37:07.000Z"
761,65545,2,1605917476,0,"efd275",100,"2020-11-21T19:37:07.000Z"
762,65547,2,1605971918,0,"f1e0b5",100,"2020-11-21T19:37:07.000Z"
763,65546,2,1605971925,0,"f1e0b5",100,"2020-11-21T19:37:07.000Z"
764,65548,2,1605984252,0,"f5faf6",100,"2020-11-21T19:37:07.000Z"
765,65549,2,1605953576,1,"f1e0b5",100,"2020-11-21T19:37:07.000Z"
766,65552,2,1605982738,0,"f1e0b5",100,"2020-11-21T19:37:07.000Z"
767,65551,2,1605953599,0,"f1e0b5",100,"2020-11-21T19:37:07.000Z"
773,65537,2,1605953602,1,"f1e0b5",100,"2020-11-21T19:37:23.000Z"
774,65538,2,1605954823,1,"f1e0b5",100,"2020-11-21T19:37:23.000Z"
775,65540,2,1605969185,1,"0",51,"2020-11-21T19:37:23.000Z"
776,65545,2,1605917476,0,"efd275",100,"2020-11-21T19:37:23.000Z"
777,65546,2,1605971925,0,"f1e0b5",100,"2020-11-21T19:37:23.000Z"
778,65547,2,1605971918,0,"f1e0b5",100,"2020-11-21T19:37:23.000Z"
779,65549,2,1605953576,1,"f1e0b5",100,"2020-11-21T19:37:23.000Z"
780,65548,2,1605984252,0,"f5faf6",100,"2020-11-21T19:37:23.000Z"
781,65554,2,1603707195,0,"f1e0b5",100,"2020-11-21T19:37:23.000Z"
782,65553,2,1605953580,0,"f1e0b5",100,"2020-11-21T19:37:23.000Z"
783,65551,2,1605953599,0,"f1e0b5",100,"2020-11-21T19:37:23.000Z"
784,65552,2,1605982738,0,"f1e0b5",100,"2020-11-21T19:37:23.000Z"
785,65555,2,1605971910,0,"f1e0b5",100,"2020-11-21T19:37:23.000Z"
786,65557,2,1605977810,0,"f1e0b5",50,"2020-11-21T19:37:23.000Z"
787,65556,2,1605977803,0,"f1e0b5",49,"2020-11-21T19:37:23.000Z"
788,65537,2,1605953602,1,"f1e0b5",100,"2020-11-21T19:37:26.000Z"
789,65538,2,1605954823,1,"f1e0b5",100,"2020-11-21T19:37:26.000Z"
790,65545,2,1605917476,0,"efd275",100,"2020-11-21T19:37:26.000Z"
791,65540,2,1605969185,1,"0",51,"2020-11-21T19:37:26.000Z"
792,65546,2,1605971925,0,"f1e0b5",100,"2020-11-21T19:37:26.000Z"
793,65548,2,1605984252,0,"f5faf6",100,"2020-11-21T19:37:26.000Z"
794,65547,2,1605971918,0,"f1e0b5",100,"2020-11-21T19:37:26.000Z"
795,65549,2,1605953576,1,"f1e0b5",100,"2020-11-21T19:37:26.000Z"
796,65551,2,1605953599,0,"f1e0b5",100,"2020-11-21T19:37:26.000Z"
797,65552,2,1605982738,0,"f1e0b5",100,"2020-11-21T19:37:26.000Z"
798,65553,2,1605953580,0,"f1e0b5",100,"2020-11-21T19:37:26.000Z"
799,65554,2,1603707195,0,"f1e0b5",100,"2020-11-21T19:37:26.000Z"
800,65555,2,1605971910,0,"f1e0b5",100,"2020-11-21T19:37:26.000Z"
801,65557,2,1605977810,0,"f1e0b5",50,"2020-11-21T19:37:26.000Z"
802,65556,2,1605977803,0,"f1e0b5",49,"2020-11-21T19:37:26.000Z"
803,65537,2,1605953602,1,"f1e0b5",100,"2020-11-21T19:39:04.000Z"
804,65538,2,1605954823,1,"f1e0b5",100,"2020-11-21T19:39:04.000Z"
805,65540,2,1605969185,1,"0",51,"2020-11-21T19:39:04.000Z"
806,65545,2,1605917476,0,"efd275",100,"2020-11-21T19:39:04.000Z"
807,65546,2,1605971925,0,"f1e0b5",100,"2020-11-21T19:39:04.000Z"
808,65547,2,1605971918,0,"f1e0b5",100,"2020-11-21T19:39:04.000Z"
809,65548,2,1605984252,0,"f5faf6",100,"2020-11-21T19:39:04.000Z"
810,65549,2,1605953576,1,"f1e0b5",100,"2020-11-21T19:39:04.000Z"
811,65551,2,1605953599,0,"f1e0b5",100,"2020-11-21T19:39:04.000Z"
812,65552,2,1605982738,0,"f1e0b5",100,"2020-11-21T19:39:04.000Z"
813,65555,2,1605971910,0,"f1e0b5",100,"2020-11-21T19:39:04.000Z"
814,65553,2,1605953580,0,"f1e0b5",100,"2020-11-21T19:39:04.000Z"
815,65554,2,1603707195,0,"f1e0b5",100,"2020-11-21T19:39:04.000Z"
816,65557,2,1605977810,0,"f1e0b5",50,"2020-11-21T19:39:04.000Z"
817,65556,2,1605977803,0,"f1e0b5",49,"2020-11-21T19:39:04.000Z"
818,65537,2,1605953602,1,"f1e0b5",100,"2020-11-21T19:39:39.000Z"
819,65538,2,1605954823,1,"f1e0b5",100,"2020-11-21T19:39:39.000Z"
820,65540,2,1605969185,1,"0",51,"2020-11-21T19:39:39.000Z"
821,65545,2,1605917476,0,"efd275",100,"2020-11-21T19:39:39.000Z"
822,65546,2,1605971925,0,"f1e0b5",100,"2020-11-21T19:39:39.000Z"
823,65547,2,1605971918,0,"f1e0b5",100,"2020-11-21T19:39:39.000Z"
824,65548,2,1605984252,0,"f5faf6",100,"2020-11-21T19:39:39.000Z"
825,65549,2,1605953576,1,"f1e0b5",100,"2020-11-21T19:39:39.000Z"
826,65551,2,1605953599,0,"f1e0b5",100,"2020-11-21T19:39:39.000Z"
827,65553,2,1605953580,0,"f1e0b5",100,"2020-11-21T19:39:39.000Z"
828,65555,2,1605971910,0,"f1e0b5",100,"2020-11-21T19:39:39.000Z"
829,65554,2,1603707195,0,"f1e0b5",100,"2020-11-21T19:39:39.000Z"
830,65557,2,1605977810,0,"f1e0b5",50,"2020-11-21T19:39:39.000Z"
831,65552,2,1605982738,0,"f1e0b5",100,"2020-11-21T19:39:39.000Z"
832,65556,2,1605977803,0,"f1e0b5",49,"2020-11-21T19:39:39.000Z"
833,65537,2,1605953602,1,"f1e0b5",100,"2020-11-21T19:39:47.000Z"
834,65538,2,1605954823,1,"f1e0b5",100,"2020-11-21T19:39:47.000Z"
835,65540,2,1605969185,1,"0",51,"2020-11-21T19:39:47.000Z"
836,65545,2,1605917476,0,"efd275",100,"2020-11-21T19:39:47.000Z"
837,65547,2,1605971918,0,"f1e0b5",100,"2020-11-21T19:39:47.000Z"
838,65546,2,1605971925,0,"f1e0b5",100,"2020-11-21T19:39:47.000Z"
839,65548,2,1605984252,0,"f5faf6",100,"2020-11-21T19:39:47.000Z"
840,65552,2,1605982738,0,"f1e0b5",100,"2020-11-21T19:39:47.000Z"
841,65553,2,1605953580,0,"f1e0b5",100,"2020-11-21T19:39:47.000Z"
842,65549,2,1605953576,1,"f1e0b5",100,"2020-11-21T19:39:47.000Z"
843,65551,2,1605953599,0,"f1e0b5",100,"2020-11-21T19:39:47.000Z"
844,65556,2,1605977803,0,"f1e0b5",49,"2020-11-21T19:39:47.000Z"
845,65555,2,1605971910,0,"f1e0b5",100,"2020-11-21T19:39:47.000Z"
846,65557,2,1605977810,0,"f1e0b5",50,"2020-11-21T19:39:47.000Z"
847,65554,2,1603707195,0,"f1e0b5",100,"2020-11-21T19:39:47.000Z"
848,65537,2,1605953602,1,"f1e0b5",100,"2020-11-21T19:40:37.000Z"
849,65538,2,1605954823,1,"f1e0b5",100,"2020-11-21T19:40:37.000Z"
850,65540,2,1605969185,1,"0",51,"2020-11-21T19:40:37.000Z"
851,65545,2,1605917476,0,"efd275",100,"2020-11-21T19:40:37.000Z"
852,65546,2,1605971925,0,"f1e0b5",100,"2020-11-21T19:40:37.000Z"
853,65548,2,1605984252,0,"f5faf6",100,"2020-11-21T19:40:37.000Z"
854,65549,2,1605953576,1,"f1e0b5",100,"2020-11-21T19:40:37.000Z"
855,65547,2,1605971918,0,"f1e0b5",100,"2020-11-21T19:40:37.000Z"
856,65551,2,1605953599,0,"f1e0b5",100,"2020-11-21T19:40:37.000Z"
857,65553,2,1605953580,0,"f1e0b5",100,"2020-11-21T19:40:37.000Z"
858,65554,2,1603707195,0,"f1e0b5",100,"2020-11-21T19:40:37.000Z"
859,65556,2,1605977803,0,"f1e0b5",49,"2020-11-21T19:40:37.000Z"
860,65552,2,1605982738,0,"f1e0b5",100,"2020-11-21T19:40:37.000Z"
861,65555,2,1605971910,0,"f1e0b5",100,"2020-11-21T19:40:37.000Z"
862,65557,2,1605977810,0,"f1e0b5",50,"2020-11-21T19:40:37.000Z"
863,65537,2,1605953602,1,"f1e0b5",100,"2020-11-21T19:43:19.000Z"
864,65538,2,1605954823,1,"f1e0b5",100,"2020-11-21T19:43:19.000Z"
865,65540,2,1605969185,1,"0",51,"2020-11-21T19:43:19.000Z"
866,65545,2,1605917476,0,"efd275",100,"2020-11-21T19:43:19.000Z"
867,65547,2,1605971918,0,"f1e0b5",100,"2020-11-21T19:43:19.000Z"
868,65546,2,1605971925,0,"f1e0b5",100,"2020-11-21T19:43:19.000Z"
869,65549,2,1605953576,1,"f1e0b5",100,"2020-11-21T19:43:19.000Z"
870,65548,2,1605984252,0,"f5faf6",100,"2020-11-21T19:43:19.000Z"
871,65551,2,1605953599,0,"f1e0b5",100,"2020-11-21T19:43:19.000Z"
872,65552,2,1605982738,0,"f1e0b5",100,"2020-11-21T19:43:19.000Z"
873,65553,2,1605953580,0,"f1e0b5",100,"2020-11-21T19:43:19.000Z"
874,65555,2,1605971910,0,"f1e0b5",100,"2020-11-21T19:43:19.000Z"
875,65554,2,1603707195,0,"f1e0b5",100,"2020-11-21T19:43:19.000Z"
876,65556,2,1605977803,0,"f1e0b5",49,"2020-11-21T19:43:19.000Z"
877,65557,2,1605977810,0,"f1e0b5",50,"2020-11-21T19:43:19.000Z"
878,65538,2,1605954823,1,"f1e0b5",100,"2020-11-21T19:43:25.000Z"
879,65537,2,1605953602,1,"f1e0b5",100,"2020-11-21T19:43:25.000Z"
880,65540,2,1605969185,1,"0",51,"2020-11-21T19:43:25.000Z"
881,65546,2,1605971925,0,"f1e0b5",100,"2020-11-21T19:43:25.000Z"
882,65545,2,1605917476,0,"efd275",100,"2020-11-21T19:43:25.000Z"
883,65547,2,1605971918,0,"f1e0b5",100,"2020-11-21T19:43:25.000Z"
884,65549,2,1605953576,1,"f1e0b5",100,"2020-11-21T19:43:25.000Z"
885,65548,2,1605984252,0,"f5faf6",100,"2020-11-21T19:43:25.000Z"
886,65551,2,1605953599,0,"f1e0b5",100,"2020-11-21T19:43:25.000Z"
887,65552,2,1605982738,0,"f1e0b5",100,"2020-11-21T19:43:25.000Z"
888,65554,2,1603707195,0,"f1e0b5",100,"2020-11-21T19:43:25.000Z"
889,65557,2,1605977810,0,"f1e0b5",50,"2020-11-21T19:43:25.000Z"
890,65555,2,1605971910,0,"f1e0b5",100,"2020-11-21T19:43:25.000Z"
891,65553,2,1605953580,0,"f1e0b5",100,"2020-11-21T19:43:25.000Z"
892,65556,2,1605977803,0,"f1e0b5",49,"2020-11-21T19:43:25.000Z"
893,65537,2,1605953602,1,"f1e0b5",100,"2020-11-21T19:43:27.000Z"
894,65538,2,1605954823,1,"f1e0b5",100,"2020-11-21T19:43:27.000Z"
895,65540,2,1605969185,1,"0",51,"2020-11-21T19:43:27.000Z"
896,65545,2,1605917476,0,"efd275",100,"2020-11-21T19:43:27.000Z"
897,65546,2,1605971925,0,"f1e0b5",100,"2020-11-21T19:43:27.000Z"
898,65548,2,1605984252,0,"f5faf6",100,"2020-11-21T19:43:27.000Z"
899,65547,2,1605971918,0,"f1e0b5",100,"2020-11-21T19:43:27.000Z"
900,65551,2,1605953599,0,"f1e0b5",100,"2020-11-21T19:43:27.000Z"
901,65549,2,1605953576,1,"f1e0b5",100,"2020-11-21T19:43:27.000Z"
902,65552,2,1605982738,0,"f1e0b5",100,"2020-11-21T19:43:27.000Z"
903,65553,2,1605953580,0,"f1e0b5",100,"2020-11-21T19:43:27.000Z"
904,65554,2,1603707195,0,"f1e0b5",100,"2020-11-21T19:43:27.000Z"
905,65555,2,1605971910,0,"f1e0b5",100,"2020-11-21T19:43:27.000Z"
906,65557,2,1605977810,0,"f1e0b5",50,"2020-11-21T19:43:27.000Z"
907,65556,2,1605977803,0,"f1e0b5",49,"2020-11-21T19:43:27.000Z"
908,65537,2,1605953602,1,"f1e0b5",100,"2020-11-21T19:45:20.000Z"
909,65538,2,1605954823,1,"f1e0b5",100,"2020-11-21T19:45:20.000Z"
910,65540,2,1605969185,1,"0",51,"2020-11-21T19:45:20.000Z"
911,65546,2,1605971925,0,"f1e0b5",100,"2020-11-21T19:45:20.000Z"
912,65547,2,1605971918,0,"f1e0b5",100,"2020-11-21T19:45:20.000Z"
913,65545,2,1605917476,0,"efd275",100,"2020-11-21T19:45:20.000Z"
914,65548,2,1605984252,0,"f5faf6",100,"2020-11-21T19:45:20.000Z"
915,65551,2,1605953599,0,"f1e0b5",100,"2020-11-21T19:45:20.000Z"
916,65552,2,1605982738,0,"f1e0b5",100,"2020-11-21T19:45:20.000Z"
917,65549,2,1605953576,1,"f1e0b5",100,"2020-11-21T19:45:20.000Z"
918,65553,2,1605953580,0,"f1e0b5",100,"2020-11-21T19:45:20.000Z"
919,65555,2,1605971910,0,"f1e0b5",100,"2020-11-21T19:45:20.000Z"
920,65556,2,1605977803,0,"f1e0b5",49,"2020-11-21T19:45:20.000Z"
921,65554,2,1603707195,0,"f1e0b5",100,"2020-11-21T19:45:20.000Z"
922,65557,2,1605977810,0,"f1e0b5",50,"2020-11-21T19:45:20.000Z"
923,65537,2,1605953602,1,"f1e0b5",100,"2020-11-21T19:45:41.000Z"
924,65538,2,1605954823,1,"f1e0b5",100,"2020-11-21T19:45:41.000Z"
925,65540,2,1605969185,1,"0",51,"2020-11-21T19:45:41.000Z"
926,65545,2,1605917476,0,"efd275",100,"2020-11-21T19:45:41.000Z"
927,65547,2,1605971918,0,"f1e0b5",100,"2020-11-21T19:45:41.000Z"
928,65546,2,1605971925,0,"f1e0b5",100,"2020-11-21T19:45:41.000Z"
929,65548,2,1605984252,0,"f5faf6",100,"2020-11-21T19:45:41.000Z"
930,65549,2,1605953576,1,"f1e0b5",100,"2020-11-21T19:45:41.000Z"
931,65552,2,1605982738,0,"f1e0b5",100,"2020-11-21T19:45:41.000Z"
932,65554,2,1603707195,0,"f1e0b5",100,"2020-11-21T19:45:41.000Z"
933,65553,2,1605953580,0,"f1e0b5",100,"2020-11-21T19:45:41.000Z"
934,65551,2,1605953599,0,"f1e0b5",100,"2020-11-21T19:45:41.000Z"
935,65557,2,1605977810,0,"f1e0b5",50,"2020-11-21T19:45:41.000Z"
936,65556,2,1605977803,0,"f1e0b5",49,"2020-11-21T19:45:41.000Z"
937,65555,2,1605971910,0,"f1e0b5",100,"2020-11-21T19:45:41.000Z"
938,65537,2,1605953602,1,"f1e0b5",100,"2020-11-21T19:45:48.000Z"
939,65538,2,1605954823,1,"f1e0b5",100,"2020-11-21T19:45:48.000Z"
940,65540,2,1605969185,1,"0",51,"2020-11-21T19:45:48.000Z"
941,65545,2,1605917476,0,"efd275",100,"2020-11-21T19:45:48.000Z"
942,65546,2,1605971925,0,"f1e0b5",100,"2020-11-21T19:45:48.000Z"
943,65547,2,1605971918,0,"f1e0b5",100,"2020-11-21T19:45:48.000Z"
944,65548,2,1605984252,0,"f5faf6",100,"2020-11-21T19:45:48.000Z"
945,65549,2,1605953576,1,"f1e0b5",100,"2020-11-21T19:45:48.000Z"
946,65551,2,1605953599,0,"f1e0b5",100,"2020-11-21T19:45:48.000Z"
947,65552,2,1605982738,0,"f1e0b5",100,"2020-11-21T19:45:48.000Z"
948,65553,2,1605953580,0,"f1e0b5",100,"2020-11-21T19:45:48.000Z"
949,65554,2,1603707195,0,"f1e0b5",100,"2020-11-21T19:45:48.000Z"
950,65555,2,1605971910,0,"f1e0b5",100,"2020-11-21T19:45:48.000Z"
951,65556,2,1605977803,0,"f1e0b5",49,"2020-11-21T19:45:48.000Z"
952,65557,2,1605977810,0,"f1e0b5",50,"2020-11-21T19:45:48.000Z"
953,65537,2,1605953602,1,"f1e0b5",100,"2020-11-21T19:46:10.000Z"
954,65538,2,1605954823,1,"f1e0b5",100,"2020-11-21T19:46:10.000Z"
955,65540,2,1605969185,1,"0",51,"2020-11-21T19:46:10.000Z"
956,65546,2,1605971925,0,"f1e0b5",100,"2020-11-21T19:46:10.000Z"
957,65545,2,1605917476,0,"efd275",100,"2020-11-21T19:46:10.000Z"
958,65548,2,1605984252,0,"f5faf6",100,"2020-11-21T19:46:10.000Z"
959,65547,2,1605971918,0,"f1e0b5",100,"2020-11-21T19:46:10.000Z"
960,65549,2,1605953576,1,"f1e0b5",100,"2020-11-21T19:46:10.000Z"
961,65551,2,1605953599,0,"f1e0b5",100,"2020-11-21T19:46:10.000Z"
962,65555,2,1605971910,0,"f1e0b5",100,"2020-11-21T19:46:10.000Z"
963,65553,2,1605953580,0,"f1e0b5",100,"2020-11-21T19:46:10.000Z"
964,65552,2,1605982738,0,"f1e0b5",100,"2020-11-21T19:46:10.000Z"
965,65557,2,1605977810,0,"f1e0b5",50,"2020-11-21T19:46:10.000Z"
966,65556,2,1605977803,0,"f1e0b5",49,"2020-11-21T19:46:10.000Z"
967,65554,2,1603707195,0,"f1e0b5",100,"2020-11-21T19:46:10.000Z"
968,65537,2,1605953602,1,"f1e0b5",100,"2020-11-21T19:46:46.000Z"
969,65538,2,1605954823,1,"f1e0b5",100,"2020-11-21T19:46:46.000Z"
970,65540,2,1605969185,1,"0",51,"2020-11-21T19:46:46.000Z"
971,65545,2,1605917476,0,"efd275",100,"2020-11-21T19:46:46.000Z"
972,65547,2,1605971918,0,"f1e0b5",100,"2020-11-21T19:46:46.000Z"
973,65546,2,1605971925,0,"f1e0b5",100,"2020-11-21T19:46:46.000Z"
974,65548,2,1605984252,0,"f5faf6",100,"2020-11-21T19:46:46.000Z"
975,65549,2,1605953576,1,"f1e0b5",100,"2020-11-21T19:46:46.000Z"
976,65551,2,1605953599,0,"f1e0b5",100,"2020-11-21T19:46:46.000Z"
977,65553,2,1605953580,0,"f1e0b5",100,"2020-11-21T19:46:46.000Z"
978,65552,2,1605982738,0,"f1e0b5",100,"2020-11-21T19:46:46.000Z"
979,65556,2,1605977803,0,"f1e0b5",49,"2020-11-21T19:46:46.000Z"
980,65554,2,1603707195,0,"f1e0b5",100,"2020-11-21T19:46:46.000Z"
981,65555,2,1605971910,0,"f1e0b5",100,"2020-11-21T19:46:46.000Z"
982,65557,2,1605977810,0,"f1e0b5",50,"2020-11-21T19:46:46.000Z"
983,65537,2,1605953602,1,"f1e0b5",100,"2020-11-21T19:48:38.000Z"
984,65538,2,1605954823,1,"f1e0b5",100,"2020-11-21T19:48:38.000Z"
985,65540,2,1605969185,1,"0",51,"2020-11-21T19:48:38.000Z"
986,65545,2,1605917476,0,"efd275",100,"2020-11-21T19:48:38.000Z"
987,65546,2,1605971925,0,"f1e0b5",100,"2020-11-21T19:48:38.000Z"
988,65547,2,1605971918,0,"f1e0b5",100,"2020-11-21T19:48:38.000Z"
989,65548,2,1605984252,0,"f5faf6",100,"2020-11-21T19:48:38.000Z"
990,65549,2,1605953576,1,"f1e0b5",100,"2020-11-21T19:48:38.000Z"
991,65551,2,1605953599,0,"f1e0b5",100,"2020-11-21T19:48:38.000Z"
992,65552,2,1605982738,0,"f1e0b5",100,"2020-11-21T19:48:38.000Z"
993,65553,2,1605953580,0,"f1e0b5",100,"2020-11-21T19:48:38.000Z"
994,65554,2,1603707195,0,"f1e0b5",100,"2020-11-21T19:48:38.000Z"
995,65555,2,1605971910,0,"f1e0b5",100,"2020-11-21T19:48:38.000Z"
996,65556,2,1605977803,0,"f1e0b5",49,"2020-11-21T19:48:38.000Z"
997,65557,2,1605977810,0,"f1e0b5",50,"2020-11-21T19:48:38.000Z"
998,65537,2,1605953602,1,"f1e0b5",100,"2020-11-21T19:52:10.000Z"
999,65538,2,1605954823,1,"f1e0b5",100,"2020-11-21T19:52:10.000Z"
1000,65540,2,1605969185,1,"0",51,"2020-11-21T19:52:10.000Z"
1001,65545,2,1605917476,0,"efd275",100,"2020-11-21T19:52:10.000Z"
1002,65548,2,1605984252,0,"f5faf6",100,"2020-11-21T19:52:10.000Z"
1003,65547,2,1605971918,0,"f1e0b5",100,"2020-11-21T19:52:10.000Z"
1004,65546,2,1605971925,0,"f1e0b5",100,"2020-11-21T19:52:10.000Z"
1005,65549,2,1605953576,1,"f1e0b5",100,"2020-11-21T19:52:10.000Z"
1006,65551,2,1605953599,0,"f1e0b5",100,"2020-11-21T19:52:10.000Z"
1007,65552,2,1605982738,0,"f1e0b5",100,"2020-11-21T19:52:10.000Z"
1008,65553,2,1605953580,0,"f1e0b5",100,"2020-11-21T19:52:10.000Z"
1009,65554,2,1603707195,0,"f1e0b5",100,"2020-11-21T19:52:10.000Z"
1010,65555,2,1605971910,0,"f1e0b5",100,"2020-11-21T19:52:10.000Z"
1011,65557,2,1605977810,0,"f1e0b5",50,"2020-11-21T19:52:10.000Z"
1012,65556,2,1605977803,0,"f1e0b5",49,"2020-11-21T19:52:10.000Z"
1024,65554,2,1603707195,0,"f1e0b5",100,"2020-11-21T19:52:16.000Z"
1025,65555,2,1605971910,0,"f1e0b5",100,"2020-11-21T19:52:16.000Z"
1026,65556,2,1605977803,0,"f1e0b5",49,"2020-11-21T19:52:16.000Z"
1027,65557,2,1605977810,0,"f1e0b5",50,"2020-11-21T19:52:16.000Z"
1013,65537,2,1605953602,1,"f1e0b5",100,"2020-11-21T19:52:16.000Z"
1014,65538,2,1605954823,1,"f1e0b5",100,"2020-11-21T19:52:16.000Z"
1015,65540,2,1605969185,1,"0",51,"2020-11-21T19:52:16.000Z"
1016,65545,2,1605917476,0,"efd275",100,"2020-11-21T19:52:16.000Z"
1017,65546,2,1605971925,0,"f1e0b5",100,"2020-11-21T19:52:16.000Z"
1018,65547,2,1605971918,0,"f1e0b5",100,"2020-11-21T19:52:16.000Z"
1019,65548,2,1605984252,0,"f5faf6",100,"2020-11-21T19:52:16.000Z"
1020,65549,2,1605953576,1,"f1e0b5",100,"2020-11-21T19:52:16.000Z"
1021,65551,2,1605953599,0,"f1e0b5",100,"2020-11-21T19:52:16.000Z"
1022,65553,2,1605953580,0,"f1e0b5",100,"2020-11-21T19:52:16.000Z"
1023,65552,2,1605982738,0,"f1e0b5",100,"2020-11-21T19:52:16.000Z"
1028,65537,2,1605953602,1,"f1e0b5",100,"2020-11-21T19:53:14.000Z"
1029,65538,2,1605954823,1,"f1e0b5",100,"2020-11-21T19:53:14.000Z"
1030,65540,2,1605969185,1,"0",51,"2020-11-21T19:53:14.000Z"
1031,65545,2,1605917476,0,"efd275",100,"2020-11-21T19:53:14.000Z"
1032,65548,2,1605984252,0,"f5faf6",100,"2020-11-21T19:53:14.000Z"
1033,65546,2,1605971925,0,"f1e0b5",100,"2020-11-21T19:53:14.000Z"
1034,65547,2,1605971918,0,"f1e0b5",100,"2020-11-21T19:53:14.000Z"
1035,65549,2,1605953576,1,"f1e0b5",100,"2020-11-21T19:53:14.000Z"
1036,65553,2,1605953580,0,"f1e0b5",100,"2020-11-21T19:53:14.000Z"
1037,65554,2,1603707195,0,"f1e0b5",100,"2020-11-21T19:53:14.000Z"
1038,65552,2,1605982738,0,"f1e0b5",100,"2020-11-21T19:53:14.000Z"
1039,65557,2,1605977810,0,"f1e0b5",50,"2020-11-21T19:53:14.000Z"
1040,65555,2,1605971910,0,"f1e0b5",100,"2020-11-21T19:53:14.000Z"
1041,65551,2,1605953599,0,"f1e0b5",100,"2020-11-21T19:53:14.000Z"
1042,65556,2,1605977803,0,"f1e0b5",49,"2020-11-21T19:53:14.000Z"
1043,65537,2,1605953602,1,"f1e0b5",100,"2020-11-21T19:55:40.000Z"
1044,65538,2,1605954823,1,"f1e0b5",100,"2020-11-21T19:55:40.000Z"
1045,65540,2,1605969185,1,"0",51,"2020-11-21T19:55:40.000Z"
1046,65545,2,1605917476,0,"efd275",100,"2020-11-21T19:55:40.000Z"
1047,65546,2,1605971925,0,"f1e0b5",100,"2020-11-21T19:55:40.000Z"
1048,65547,2,1605971918,0,"f1e0b5",100,"2020-11-21T19:55:40.000Z"
1049,65549,2,1605953576,1,"f1e0b5",100,"2020-11-21T19:55:40.000Z"
1050,65548,2,1605984252,0,"f5faf6",100,"2020-11-21T19:55:40.000Z"
1051,65551,2,1605953599,0,"f1e0b5",100,"2020-11-21T19:55:40.000Z"
1052,65552,2,1605982738,0,"f1e0b5",100,"2020-11-21T19:55:40.000Z"
1053,65554,2,1603707195,0,"f1e0b5",100,"2020-11-21T19:55:40.000Z"
1054,65553,2,1605953580,0,"f1e0b5",100,"2020-11-21T19:55:40.000Z"
1055,65555,2,1605971910,0,"f1e0b5",100,"2020-11-21T19:55:40.000Z"
1056,65557,2,1605977810,0,"f1e0b5",50,"2020-11-21T19:55:40.000Z"
1057,65556,2,1605977803,0,"f1e0b5",49,"2020-11-21T19:55:40.000Z"
1058,65537,2,1605953602,1,"f1e0b5",100,"2020-11-21T19:56:00.000Z"
1059,65538,2,1605954823,1,"f1e0b5",100,"2020-11-21T19:56:00.000Z"
1060,65540,2,1605969185,1,"0",51,"2020-11-21T19:56:00.000Z"
1061,65545,2,1605917476,0,"efd275",100,"2020-11-21T19:56:00.000Z"
1062,65546,2,1605971925,0,"f1e0b5",100,"2020-11-21T19:56:00.000Z"
1063,65547,2,1605971918,0,"f1e0b5",100,"2020-11-21T19:56:00.000Z"
1064,65548,2,1605984252,0,"f5faf6",100,"2020-11-21T19:56:00.000Z"
1065,65549,2,1605953576,1,"f1e0b5",100,"2020-11-21T19:56:00.000Z"
1066,65552,2,1605982738,0,"f1e0b5",100,"2020-11-21T19:56:00.000Z"
1067,65551,2,1605953599,0,"f1e0b5",100,"2020-11-21T19:56:00.000Z"
1068,65553,2,1605953580,0,"f1e0b5",100,"2020-11-21T19:56:00.000Z"
1069,65554,2,1603707195,0,"f1e0b5",100,"2020-11-21T19:56:00.000Z"
1070,65555,2,1605971910,0,"f1e0b5",100,"2020-11-21T19:56:00.000Z"
1071,65557,2,1605977810,0,"f1e0b5",50,"2020-11-21T19:56:00.000Z"
1072,65556,2,1605977803,0,"f1e0b5",49,"2020-11-21T19:56:00.000Z"
1073,65537,2,1605953602,1,"f1e0b5",100,"2020-11-21T19:56:28.000Z"
1074,65538,2,1605954823,1,"f1e0b5",100,"2020-11-21T19:56:28.000Z"
1075,65540,2,1605969185,1,"0",51,"2020-11-21T19:56:28.000Z"
1076,65545,2,1605917476,0,"efd275",100,"2020-11-21T19:56:28.000Z"
1077,65546,2,1605971925,0,"f1e0b5",100,"2020-11-21T19:56:28.000Z"
1078,65547,2,1605971918,0,"f1e0b5",100,"2020-11-21T19:56:28.000Z"
1079,65548,2,1605984252,0,"f5faf6",100,"2020-11-21T19:56:28.000Z"
1080,65549,2,1605953576,1,"f1e0b5",100,"2020-11-21T19:56:28.000Z"
1081,65552,2,1605982738,0,"f1e0b5",100,"2020-11-21T19:56:28.000Z"
1082,65553,2,1605953580,0,"f1e0b5",100,"2020-11-21T19:56:28.000Z"
1083,65551,2,1605953599,0,"f1e0b5",100,"2020-11-21T19:56:28.000Z"
1084,65555,2,1605971910,0,"f1e0b5",100,"2020-11-21T19:56:28.000Z"
1085,65554,2,1603707195,0,"f1e0b5",100,"2020-11-21T19:56:28.000Z"
1086,65556,2,1605977803,0,"f1e0b5",49,"2020-11-21T19:56:28.000Z"
1087,65557,2,1605977810,0,"f1e0b5",50,"2020-11-21T19:56:28.000Z"
1088,65537,2,1605953602,1,"f1e0b5",100,"2020-11-21T19:56:47.000Z"
1089,65538,2,1605954823,1,"f1e0b5",100,"2020-11-21T19:56:47.000Z"
1090,65540,2,1605969185,1,"0",51,"2020-11-21T19:56:47.000Z"
1091,65545,2,1605917476,0,"efd275",100,"2020-11-21T19:56:47.000Z"
1092,65546,2,1605971925,0,"f1e0b5",100,"2020-11-21T19:56:47.000Z"
1093,65547,2,1605971918,0,"f1e0b5",100,"2020-11-21T19:56:47.000Z"
1094,65549,2,1605953576,1,"f1e0b5",100,"2020-11-21T19:56:47.000Z"
1095,65552,2,1605982738,0,"f1e0b5",100,"2020-11-21T19:56:47.000Z"
1096,65554,2,1603707195,0,"f1e0b5",100,"2020-11-21T19:56:47.000Z"
1097,65548,2,1605984252,0,"f5faf6",100,"2020-11-21T19:56:47.000Z"
1098,65551,2,1605953599,0,"f1e0b5",100,"2020-11-21T19:56:47.000Z"
1099,65553,2,1605953580,0,"f1e0b5",100,"2020-11-21T19:56:47.000Z"
1100,65556,2,1605977803,0,"f1e0b5",49,"2020-11-21T19:56:47.000Z"
1101,65555,2,1605971910,0,"f1e0b5",100,"2020-11-21T19:56:47.000Z"
1102,65557,2,1605977810,0,"f1e0b5",50,"2020-11-21T19:56:47.000Z"
1103,65537,2,1605953602,1,"f1e0b5",100,"2020-11-21T19:57:35.000Z"
1104,65538,2,1605954823,1,"f1e0b5",100,"2020-11-21T19:57:35.000Z"
1105,65540,2,1605969185,1,"0",51,"2020-11-21T19:57:35.000Z"
1106,65545,2,1605917476,0,"efd275",100,"2020-11-21T19:57:35.000Z"
1107,65546,2,1605971925,0,"f1e0b5",100,"2020-11-21T19:57:35.000Z"
1108,65547,2,1605971918,0,"f1e0b5",100,"2020-11-21T19:57:35.000Z"
1109,65548,2,1605984252,0,"f5faf6",100,"2020-11-21T19:57:35.000Z"
1110,65549,2,1605953576,1,"f1e0b5",100,"2020-11-21T19:57:35.000Z"
1111,65551,2,1605953599,0,"f1e0b5",100,"2020-11-21T19:57:35.000Z"
1112,65552,2,1605982738,0,"f1e0b5",100,"2020-11-21T19:57:35.000Z"
1113,65553,2,1605953580,0,"f1e0b5",100,"2020-11-21T19:57:35.000Z"
1114,65554,2,1603707195,0,"f1e0b5",100,"2020-11-21T19:57:35.000Z"
1115,65555,2,1605971910,0,"f1e0b5",100,"2020-11-21T19:57:35.000Z"
1116,65556,2,1605977803,0,"f1e0b5",49,"2020-11-21T19:57:35.000Z"
1117,65557,2,1605977810,0,"f1e0b5",50,"2020-11-21T19:57:35.000Z"
1118,65537,2,1605953602,1,"f1e0b5",100,"2020-11-21T19:58:42.000Z"
1119,65538,2,1605954823,1,"f1e0b5",100,"2020-11-21T19:58:42.000Z"
1120,65540,2,1605969185,1,"0",51,"2020-11-21T19:58:42.000Z"
1121,65545,2,1605917476,0,"efd275",100,"2020-11-21T19:58:42.000Z"
1122,65549,2,1605953576,1,"f1e0b5",100,"2020-11-21T19:58:42.000Z"
1123,65548,2,1605984252,0,"f5faf6",100,"2020-11-21T19:58:42.000Z"
1124,65546,2,1605971925,0,"f1e0b5",100,"2020-11-21T19:58:42.000Z"
1125,65547,2,1605971918,0,"f1e0b5",100,"2020-11-21T19:58:42.000Z"
1126,65554,2,1603707195,0,"f1e0b5",100,"2020-11-21T19:58:42.000Z"
1127,65553,2,1605953580,0,"f1e0b5",100,"2020-11-21T19:58:42.000Z"
1128,65555,2,1605971910,0,"f1e0b5",100,"2020-11-21T19:58:42.000Z"
1129,65552,2,1605982738,0,"f1e0b5",100,"2020-11-21T19:58:42.000Z"
1130,65556,2,1605977803,0,"f1e0b5",49,"2020-11-21T19:58:42.000Z"
1131,65551,2,1605953599,0,"f1e0b5",100,"2020-11-21T19:58:42.000Z"
1132,65557,2,1605977810,0,"f1e0b5",50,"2020-11-21T19:58:42.000Z"
1133,65537,2,1605953602,1,"f1e0b5",100,"2020-11-21T19:59:19.000Z"
1134,65538,2,1605954823,1,"f1e0b5",100,"2020-11-21T19:59:19.000Z"
1135,65540,2,1605969185,1,"0",51,"2020-11-21T19:59:19.000Z"
1136,65545,2,1605917476,0,"efd275",100,"2020-11-21T19:59:19.000Z"
1137,65546,2,1605971925,0,"f1e0b5",100,"2020-11-21T19:59:19.000Z"
1138,65547,2,1605971918,0,"f1e0b5",100,"2020-11-21T19:59:19.000Z"
1139,65548,2,1605984252,0,"f5faf6",100,"2020-11-21T19:59:19.000Z"
1140,65551,2,1605953599,0,"f1e0b5",100,"2020-11-21T19:59:19.000Z"
1141,65549,2,1605953576,1,"f1e0b5",100,"2020-11-21T19:59:19.000Z"
1142,65552,2,1605982738,0,"f1e0b5",100,"2020-11-21T19:59:19.000Z"
1143,65553,2,1605953580,0,"f1e0b5",100,"2020-11-21T19:59:19.000Z"
1144,65554,2,1603707195,0,"f1e0b5",100,"2020-11-21T19:59:19.000Z"
1145,65557,2,1605977810,0,"f1e0b5",50,"2020-11-21T19:59:19.000Z"
1146,65556,2,1605977803,0,"f1e0b5",49,"2020-11-21T19:59:19.000Z"
1147,65555,2,1605971910,0,"f1e0b5",100,"2020-11-21T19:59:19.000Z"
1148,65537,2,1605953602,1,"f1e0b5",100,"2020-11-21T19:59:35.000Z"
1149,65538,2,1605954823,1,"f1e0b5",100,"2020-11-21T19:59:35.000Z"
1150,65540,2,1605969185,1,"0",51,"2020-11-21T19:59:35.000Z"
1151,65545,2,1605917476,0,"efd275",100,"2020-11-21T19:59:35.000Z"
1152,65546,2,1605971925,0,"f1e0b5",100,"2020-11-21T19:59:35.000Z"
1153,65547,2,1605971918,0,"f1e0b5",100,"2020-11-21T19:59:35.000Z"
1154,65549,2,1605953576,1,"f1e0b5",100,"2020-11-21T19:59:35.000Z"
1155,65548,2,1605984252,0,"f5faf6",100,"2020-11-21T19:59:35.000Z"
1156,65553,2,1605953580,0,"f1e0b5",100,"2020-11-21T19:59:35.000Z"
1157,65551,2,1605953599,0,"f1e0b5",100,"2020-11-21T19:59:35.000Z"
1158,65552,2,1605982738,0,"f1e0b5",100,"2020-11-21T19:59:35.000Z"
1159,65554,2,1603707195,0,"f1e0b5",100,"2020-11-21T19:59:35.000Z"
1160,65555,2,1605971910,0,"f1e0b5",100,"2020-11-21T19:59:35.000Z"
1161,65556,2,1605977803,0,"f1e0b5",49,"2020-11-21T19:59:35.000Z"
1162,65557,2,1605977810,0,"f1e0b5",50,"2020-11-21T19:59:35.000Z"
1163,65537,2,1605953602,1,"f1e0b5",100,"2020-11-21T19:59:53.000Z"
1164,65538,2,1605954823,1,"f1e0b5",100,"2020-11-21T19:59:53.000Z"
1165,65545,2,1605917476,0,"efd275",100,"2020-11-21T19:59:53.000Z"
1166,65540,2,1605969185,1,"0",51,"2020-11-21T19:59:53.000Z"
1167,65546,2,1605971925,0,"f1e0b5",100,"2020-11-21T19:59:53.000Z"
1168,65548,2,1605984252,0,"f5faf6",100,"2020-11-21T19:59:53.000Z"
1169,65549,2,1605953576,1,"f1e0b5",100,"2020-11-21T19:59:53.000Z"
1170,65547,2,1605971918,0,"f1e0b5",100,"2020-11-21T19:59:53.000Z"
1171,65551,2,1605953599,0,"f1e0b5",100,"2020-11-21T19:59:53.000Z"
1172,65553,2,1605953580,0,"f1e0b5",100,"2020-11-21T19:59:53.000Z"
1173,65552,2,1605982738,0,"f1e0b5",100,"2020-11-21T19:59:53.000Z"
1174,65554,2,1603707195,0,"f1e0b5",100,"2020-11-21T19:59:53.000Z"
1175,65556,2,1605977803,0,"f1e0b5",49,"2020-11-21T19:59:53.000Z"
1176,65555,2,1605971910,0,"f1e0b5",100,"2020-11-21T19:59:53.000Z"
1177,65557,2,1605977810,0,"f1e0b5",50,"2020-11-21T19:59:53.000Z"
1178,65537,2,1605953602,1,"f1e0b5",100,"2020-11-21T20:01:32.000Z"
1179,65538,2,1605954823,1,"f1e0b5",100,"2020-11-21T20:01:32.000Z"
1180,65540,2,1605969185,1,"0",51,"2020-11-21T20:01:32.000Z"
1181,65545,2,1605917476,0,"efd275",100,"2020-11-21T20:01:32.000Z"
1182,65546,2,1605971925,0,"f1e0b5",100,"2020-11-21T20:01:32.000Z"
1183,65547,2,1605971918,0,"f1e0b5",100,"2020-11-21T20:01:32.000Z"
1184,65548,2,1605984252,0,"f5faf6",100,"2020-11-21T20:01:32.000Z"
1185,65549,2,1605953576,1,"f1e0b5",100,"2020-11-21T20:01:32.000Z"
1186,65551,2,1605953599,0,"f1e0b5",100,"2020-11-21T20:01:32.000Z"
1187,65552,2,1605982738,0,"f1e0b5",100,"2020-11-21T20:01:32.000Z"
1188,65553,2,1605953580,0,"f1e0b5",100,"2020-11-21T20:01:32.000Z"
1189,65555,2,1605971910,0,"f1e0b5",100,"2020-11-21T20:01:32.000Z"
1190,65554,2,1603707195,0,"f1e0b5",100,"2020-11-21T20:01:32.000Z"
1191,65557,2,1605977810,0,"f1e0b5",50,"2020-11-21T20:01:32.000Z"
1192,65556,2,1605977803,0,"f1e0b5",49,"2020-11-21T20:01:32.000Z"
1193,65537,2,1605953602,1,"f1e0b5",100,"2020-11-21T20:02:12.000Z"
1194,65538,2,1605954823,1,"f1e0b5",100,"2020-11-21T20:02:12.000Z"
1195,65540,2,1605969185,1,"0",51,"2020-11-21T20:02:12.000Z"
1196,65545,2,1605917476,0,"efd275",100,"2020-11-21T20:02:12.000Z"
1197,65547,2,1605971918,0,"f1e0b5",100,"2020-11-21T20:02:12.000Z"
1198,65546,2,1605971925,0,"f1e0b5",100,"2020-11-21T20:02:12.000Z"
1199,65548,2,1605984252,0,"f5faf6",100,"2020-11-21T20:02:12.000Z"
1200,65549,2,1605953576,1,"f1e0b5",100,"2020-11-21T20:02:12.000Z"
1201,65554,2,1603707195,0,"f1e0b5",100,"2020-11-21T20:02:12.000Z"
1202,65553,2,1605953580,0,"f1e0b5",100,"2020-11-21T20:02:12.000Z"
1203,65552,2,1605982738,0,"f1e0b5",100,"2020-11-21T20:02:12.000Z"
1204,65551,2,1605953599,0,"f1e0b5",100,"2020-11-21T20:02:12.000Z"
1205,65555,2,1605971910,0,"f1e0b5",100,"2020-11-21T20:02:12.000Z"
1206,65556,2,1605977803,0,"f1e0b5",49,"2020-11-21T20:02:12.000Z"
1207,65557,2,1605977810,0,"f1e0b5",50,"2020-11-21T20:02:12.000Z"
1208,65537,2,1605953602,1,"f1e0b5",100,"2020-11-21T20:02:36.000Z"
1209,65538,2,1605954823,1,"f1e0b5",100,"2020-11-21T20:02:36.000Z"
1210,65540,2,1605969185,1,"0",51,"2020-11-21T20:02:36.000Z"
1211,65545,2,1605917476,0,"efd275",100,"2020-11-21T20:02:36.000Z"
1212,65546,2,1605971925,0,"f1e0b5",100,"2020-11-21T20:02:36.000Z"
1213,65548,2,1605984252,0,"f5faf6",100,"2020-11-21T20:02:36.000Z"
1214,65547,2,1605971918,0,"f1e0b5",100,"2020-11-21T20:02:36.000Z"
1215,65549,2,1605953576,1,"f1e0b5",100,"2020-11-21T20:02:36.000Z"
1216,65553,2,1605953580,0,"f1e0b5",100,"2020-11-21T20:02:36.000Z"
1217,65551,2,1605953599,0,"f1e0b5",100,"2020-11-21T20:02:36.000Z"
1218,65557,2,1605977810,0,"f1e0b5",50,"2020-11-21T20:02:36.000Z"
1219,65552,2,1605982738,0,"f1e0b5",100,"2020-11-21T20:02:36.000Z"
1220,65554,2,1603707195,0,"f1e0b5",100,"2020-11-21T20:02:36.000Z"
1221,65556,2,1605977803,0,"f1e0b5",49,"2020-11-21T20:02:36.000Z"
1222,65555,2,1605971910,0,"f1e0b5",100,"2020-11-21T20:02:36.000Z"
1223,65538,2,1605954823,1,"f1e0b5",100,"2020-11-21T20:04:16.000Z"
1224,65537,2,1605953602,1,"f1e0b5",100,"2020-11-21T20:04:16.000Z"
1225,65540,2,1605969185,1,"0",51,"2020-11-21T20:04:16.000Z"
1226,65545,2,1605917476,0,"efd275",100,"2020-11-21T20:04:16.000Z"
1227,65546,2,1605971925,0,"f1e0b5",100,"2020-11-21T20:04:16.000Z"
1228,65547,2,1605971918,0,"f1e0b5",100,"2020-11-21T20:04:16.000Z"
1229,65548,2,1605984252,0,"f5faf6",100,"2020-11-21T20:04:16.000Z"
1230,65549,2,1605953576,1,"f1e0b5",100,"2020-11-21T20:04:16.000Z"
1231,65552,2,1605982738,0,"f1e0b5",100,"2020-11-21T20:04:16.000Z"
1232,65551,2,1605953599,0,"f1e0b5",100,"2020-11-21T20:04:16.000Z"
1233,65553,2,1605953580,0,"f1e0b5",100,"2020-11-21T20:04:16.000Z"
1234,65554,2,1603707195,0,"f1e0b5",100,"2020-11-21T20:04:16.000Z"
1235,65555,2,1605971910,0,"f1e0b5",100,"2020-11-21T20:04:16.000Z"
1236,65556,2,1605977803,0,"f1e0b5",49,"2020-11-21T20:04:16.000Z"
1237,65557,2,1605977810,0,"f1e0b5",50,"2020-11-21T20:04:16.000Z"
1238,65537,2,1605953602,1,"f1e0b5",100,"2020-11-21T20:04:48.000Z"
1239,65538,2,1605954823,1,"f1e0b5",100,"2020-11-21T20:04:48.000Z"
1240,65540,2,1605969185,1,"0",51,"2020-11-21T20:04:48.000Z"
1241,65545,2,1605917476,0,"efd275",100,"2020-11-21T20:04:48.000Z"
1242,65546,2,1605971925,0,"f1e0b5",100,"2020-11-21T20:04:48.000Z"
1243,65547,2,1605971918,0,"f1e0b5",100,"2020-11-21T20:04:48.000Z"
1244,65548,2,1605984252,0,"f5faf6",100,"2020-11-21T20:04:48.000Z"
1245,65549,2,1605953576,1,"f1e0b5",100,"2020-11-21T20:04:48.000Z"
1246,65551,2,1605953599,0,"f1e0b5",100,"2020-11-21T20:04:48.000Z"
1247,65554,2,1603707195,0,"f1e0b5",100,"2020-11-21T20:04:48.000Z"
1248,65552,2,1605982738,0,"f1e0b5",100,"2020-11-21T20:04:48.000Z"
1249,65553,2,1605953580,0,"f1e0b5",100,"2020-11-21T20:04:48.000Z"
1250,65555,2,1605971910,0,"f1e0b5",100,"2020-11-21T20:04:48.000Z"
1251,65556,2,1605977803,0,"f1e0b5",49,"2020-11-21T20:04:48.000Z"
1252,65557,2,1605977810,0,"f1e0b5",50,"2020-11-21T20:04:48.000Z"
1253,65537,2,1605953602,1,"f1e0b5",100,"2020-11-21T20:11:25.000Z"
1254,65538,2,1605954823,1,"f1e0b5",100,"2020-11-21T20:11:25.000Z"
1255,65540,2,1605969185,1,"0",51,"2020-11-21T20:11:25.000Z"
1256,65545,2,1605917476,0,"efd275",100,"2020-11-21T20:11:25.000Z"
1257,65546,2,1605971925,0,"f1e0b5",100,"2020-11-21T20:11:25.000Z"
1258,65548,2,1605984252,0,"f5faf6",100,"2020-11-21T20:11:25.000Z"
1259,65547,2,1605971918,0,"f1e0b5",100,"2020-11-21T20:11:25.000Z"
1260,65549,2,1605953576,1,"f1e0b5",100,"2020-11-21T20:11:25.000Z"
1261,65551,2,1605953599,0,"f1e0b5",100,"2020-11-21T20:11:26.000Z"
1262,65553,2,1605953580,0,"f1e0b5",100,"2020-11-21T20:11:26.000Z"
1263,65552,2,1605982738,0,"f1e0b5",100,"2020-11-21T20:11:26.000Z"
1264,65554,2,1603707195,0,"f1e0b5",100,"2020-11-21T20:11:26.000Z"
1265,65555,2,1605971910,0,"f1e0b5",100,"2020-11-21T20:11:26.000Z"
1266,65556,2,1605977803,0,"f1e0b5",49,"2020-11-21T20:11:26.000Z"
1267,65557,2,1605977810,0,"f1e0b5",50,"2020-11-21T20:11:26.000Z"
1280,65556,2,1605977803,0,"f1e0b5",49,"2020-11-21T20:11:38.000Z"
1281,65554,2,1603707195,0,"f1e0b5",100,"2020-11-21T20:11:38.000Z"
1282,65555,2,1605971910,0,"f1e0b5",100,"2020-11-21T20:11:38.000Z"
1268,65537,2,1605953602,1,"f1e0b5",100,"2020-11-21T20:11:38.000Z"
1269,65538,2,1605954823,1,"f1e0b5",100,"2020-11-21T20:11:38.000Z"
1270,65540,2,1605969185,1,"0",51,"2020-11-21T20:11:38.000Z"
1271,65545,2,1605917476,0,"efd275",100,"2020-11-21T20:11:38.000Z"
1272,65546,2,1605971925,0,"f1e0b5",100,"2020-11-21T20:11:38.000Z"
1273,65547,2,1605971918,0,"f1e0b5",100,"2020-11-21T20:11:38.000Z"
1274,65548,2,1605984252,0,"f5faf6",100,"2020-11-21T20:11:38.000Z"
1275,65549,2,1605953576,1,"f1e0b5",100,"2020-11-21T20:11:38.000Z"
1276,65552,2,1605982738,0,"f1e0b5",100,"2020-11-21T20:11:38.000Z"
1277,65551,2,1605953599,0,"f1e0b5",100,"2020-11-21T20:11:38.000Z"
1278,65553,2,1605953580,0,"f1e0b5",100,"2020-11-21T20:11:38.000Z"
1279,65557,2,1605977810,0,"f1e0b5",50,"2020-11-21T20:11:38.000Z"
1283,65537,2,1605953602,1,"f1e0b5",100,"2020-11-21T20:12:10.000Z"
1284,65538,2,1605954823,1,"f1e0b5",100,"2020-11-21T20:12:10.000Z"
1285,65540,2,1605969185,1,"0",51,"2020-11-21T20:12:10.000Z"
1286,65545,2,1605917476,0,"efd275",100,"2020-11-21T20:12:10.000Z"
1287,65547,2,1605971918,0,"f1e0b5",100,"2020-11-21T20:12:10.000Z"
1288,65546,2,1605971925,0,"f1e0b5",100,"2020-11-21T20:12:10.000Z"
1289,65549,2,1605953576,1,"f1e0b5",100,"2020-11-21T20:12:10.000Z"
1290,65548,2,1605984252,0,"f5faf6",100,"2020-11-21T20:12:10.000Z"
1291,65551,2,1605953599,0,"f1e0b5",100,"2020-11-21T20:12:10.000Z"
1292,65552,2,1605982738,0,"f1e0b5",100,"2020-11-21T20:12:10.000Z"
1293,65553,2,1605953580,0,"f1e0b5",100,"2020-11-21T20:12:10.000Z"
1294,65554,2,1603707195,0,"f1e0b5",100,"2020-11-21T20:12:10.000Z"
1295,65556,2,1605977803,0,"f1e0b5",49,"2020-11-21T20:12:10.000Z"
1296,65555,2,1605971910,0,"f1e0b5",100,"2020-11-21T20:12:10.000Z"
1297,65557,2,1605977810,0,"f1e0b5",50,"2020-11-21T20:12:10.000Z"
1298,65537,2,1605953602,1,"f1e0b5",100,"2020-11-21T20:12:20.000Z"
1299,65538,2,1605954823,1,"f1e0b5",100,"2020-11-21T20:12:20.000Z"
1300,65540,2,1605969185,1,"0",51,"2020-11-21T20:12:20.000Z"
1301,65545,2,1605917476,0,"efd275",100,"2020-11-21T20:12:20.000Z"
1302,65548,2,1605984252,0,"f5faf6",100,"2020-11-21T20:12:20.000Z"
1303,65546,2,1605971925,0,"f1e0b5",100,"2020-11-21T20:12:20.000Z"
1304,65547,2,1605971918,0,"f1e0b5",100,"2020-11-21T20:12:20.000Z"
1305,65549,2,1605953576,1,"f1e0b5",100,"2020-11-21T20:12:20.000Z"
1306,65551,2,1605953599,0,"f1e0b5",100,"2020-11-21T20:12:20.000Z"
1307,65552,2,1605982738,0,"f1e0b5",100,"2020-11-21T20:12:20.000Z"
1308,65553,2,1605953580,0,"f1e0b5",100,"2020-11-21T20:12:20.000Z"
1309,65556,2,1605977803,0,"f1e0b5",49,"2020-11-21T20:12:20.000Z"
1310,65555,2,1605971910,0,"f1e0b5",100,"2020-11-21T20:12:20.000Z"
1311,65554,2,1603707195,0,"f1e0b5",100,"2020-11-21T20:12:20.000Z"
1312,65557,2,1605977810,0,"f1e0b5",50,"2020-11-21T20:12:20.000Z"
1313,65537,2,1605953602,1,"f1e0b5",100,"2020-11-21T20:15:03.000Z"
1314,65538,2,1605954823,1,"f1e0b5",100,"2020-11-21T20:15:03.000Z"
1315,65540,2,1605969185,1,"0",51,"2020-11-21T20:15:03.000Z"
1316,65545,2,1605917476,0,"efd275",100,"2020-11-21T20:15:03.000Z"
1317,65546,2,1605971925,0,"f1e0b5",100,"2020-11-21T20:15:03.000Z"
1318,65548,2,1605984252,0,"f5faf6",100,"2020-11-21T20:15:03.000Z"
1319,65547,2,1605971918,0,"f1e0b5",100,"2020-11-21T20:15:03.000Z"
1320,65549,2,1605953576,1,"f1e0b5",100,"2020-11-21T20:15:03.000Z"
1321,65551,2,1605953599,0,"f1e0b5",100,"2020-11-21T20:15:03.000Z"
1322,65552,2,1605982738,0,"f1e0b5",100,"2020-11-21T20:15:03.000Z"
1323,65553,2,1605953580,0,"f1e0b5",100,"2020-11-21T20:15:03.000Z"
1324,65554,2,1603707195,0,"f1e0b5",100,"2020-11-21T20:15:03.000Z"
1325,65555,2,1605971910,0,"f1e0b5",100,"2020-11-21T20:15:03.000Z"
1326,65557,2,1605977810,0,"f1e0b5",50,"2020-11-21T20:15:03.000Z"
1327,65556,2,1605977803,0,"f1e0b5",49,"2020-11-21T20:15:03.000Z"
1328,65537,2,1605953602,1,"f1e0b5",100,"2020-11-21T20:16:35.000Z"
1329,65538,2,1605954823,1,"f1e0b5",100,"2020-11-21T20:16:35.000Z"
1330,65540,2,1605969185,1,"0",51,"2020-11-21T20:16:35.000Z"
1331,65545,2,1605917476,0,"efd275",100,"2020-11-21T20:16:35.000Z"
1332,65546,2,1605971925,0,"f1e0b5",100,"2020-11-21T20:16:35.000Z"
1333,65547,2,1605971918,0,"f1e0b5",100,"2020-11-21T20:16:35.000Z"
1334,65548,2,1605984252,0,"f5faf6",100,"2020-11-21T20:16:35.000Z"
1335,65549,2,1605953576,1,"f1e0b5",100,"2020-11-21T20:16:35.000Z"
1336,65551,2,1605953599,0,"f1e0b5",100,"2020-11-21T20:16:35.000Z"
1337,65552,2,1605982738,0,"f1e0b5",100,"2020-11-21T20:16:35.000Z"
1338,65553,2,1605953580,0,"f1e0b5",100,"2020-11-21T20:16:35.000Z"
1339,65554,2,1603707195,0,"f1e0b5",100,"2020-11-21T20:16:35.000Z"
1340,65555,2,1605971910,0,"f1e0b5",100,"2020-11-21T20:16:35.000Z"
1341,65556,2,1605977803,0,"f1e0b5",49,"2020-11-21T20:16:35.000Z"
1342,65557,2,1605977810,0,"f1e0b5",50,"2020-11-21T20:16:35.000Z"
1343,65537,2,1605953602,1,"f1e0b5",100,"2020-11-21T20:17:44.000Z"
1344,65538,2,1605954823,1,"f1e0b5",100,"2020-11-21T20:17:44.000Z"
1345,65540,2,1605969185,1,"0",51,"2020-11-21T20:17:44.000Z"
1346,65545,2,1605917476,0,"efd275",100,"2020-11-21T20:17:44.000Z"
1347,65546,2,1605971925,0,"f1e0b5",100,"2020-11-21T20:17:44.000Z"
1348,65547,2,1605971918,0,"f1e0b5",100,"2020-11-21T20:17:44.000Z"
1349,65548,2,1605984252,0,"f5faf6",100,"2020-11-21T20:17:44.000Z"
1350,65549,2,1605953576,1,"f1e0b5",100,"2020-11-21T20:17:44.000Z"
1351,65551,2,1605953599,0,"f1e0b5",100,"2020-11-21T20:17:44.000Z"
1352,65552,2,1605982738,0,"f1e0b5",100,"2020-11-21T20:17:44.000Z"
1353,65553,2,1605953580,0,"f1e0b5",100,"2020-11-21T20:17:44.000Z"
1354,65556,2,1605977803,0,"f1e0b5",49,"2020-11-21T20:17:44.000Z"
1355,65554,2,1603707195,0,"f1e0b5",100,"2020-11-21T20:17:44.000Z"
1356,65557,2,1605977810,0,"f1e0b5",50,"2020-11-21T20:17:44.000Z"
1357,65555,2,1605971910,0,"f1e0b5",100,"2020-11-21T20:17:44.000Z"
1358,65537,2,1605953602,1,"f1e0b5",100,"2020-11-21T20:20:05.000Z"
1359,65538,2,1605954823,1,"f1e0b5",100,"2020-11-21T20:20:05.000Z"
1360,65540,2,1605969185,1,"0",51,"2020-11-21T20:20:05.000Z"
1361,65546,2,1605971925,0,"f1e0b5",100,"2020-11-21T20:20:05.000Z"
1362,65545,2,1605917476,0,"efd275",100,"2020-11-21T20:20:05.000Z"
1363,65547,2,1605971918,0,"f1e0b5",100,"2020-11-21T20:20:06.000Z"
1364,65548,2,1605984252,0,"f5faf6",100,"2020-11-21T20:20:06.000Z"
1365,65549,2,1605953576,1,"f1e0b5",100,"2020-11-21T20:20:06.000Z"
1366,65551,2,1605953599,0,"f1e0b5",100,"2020-11-21T20:20:06.000Z"
1367,65552,2,1605982738,0,"f1e0b5",100,"2020-11-21T20:20:06.000Z"
1368,65553,2,1605953580,0,"f1e0b5",100,"2020-11-21T20:20:06.000Z"
1369,65554,2,1603707195,0,"f1e0b5",100,"2020-11-21T20:20:06.000Z"
1370,65556,2,1605977803,0,"f1e0b5",49,"2020-11-21T20:20:06.000Z"
1371,65557,2,1605977810,0,"f1e0b5",50,"2020-11-21T20:20:06.000Z"
1372,65555,2,1605971910,0,"f1e0b5",100,"2020-11-21T20:20:06.000Z"
1373,65537,2,1605953602,1,"f1e0b5",100,"2020-11-21T20:21:30.000Z"
1374,65538,2,1605954823,1,"f1e0b5",100,"2020-11-21T20:21:30.000Z"
1375,65545,2,1605917476,0,"efd275",100,"2020-11-21T20:21:30.000Z"
1376,65540,2,1605969185,1,"0",51,"2020-11-21T20:21:30.000Z"
1377,65546,2,1605971925,0,"f1e0b5",100,"2020-11-21T20:21:30.000Z"
1378,65547,2,1605971918,0,"f1e0b5",100,"2020-11-21T20:21:30.000Z"
1379,65548,2,1605984252,0,"f5faf6",100,"2020-11-21T20:21:30.000Z"
1380,65549,2,1605953576,1,"f1e0b5",100,"2020-11-21T20:21:30.000Z"
1381,65551,2,1605953599,0,"f1e0b5",100,"2020-11-21T20:21:30.000Z"
1382,65552,2,1605982738,0,"f1e0b5",100,"2020-11-21T20:21:30.000Z"
1383,65553,2,1605953580,0,"f1e0b5",100,"2020-11-21T20:21:30.000Z"
1384,65554,2,1603707195,0,"f1e0b5",100,"2020-11-21T20:21:30.000Z"
1385,65555,2,1605971910,0,"f1e0b5",100,"2020-11-21T20:21:30.000Z"
1386,65556,2,1605977803,0,"f1e0b5",49,"2020-11-21T20:21:30.000Z"
1387,65557,2,1605977810,0,"f1e0b5",50,"2020-11-21T20:21:30.000Z"
1388,65537,2,1605953602,1,"f1e0b5",100,"2020-11-21T20:22:36.000Z"
1389,65538,2,1605954823,1,"f1e0b5",100,"2020-11-21T20:22:36.000Z"
1390,65540,2,1605969185,1,"0",51,"2020-11-21T20:22:36.000Z"
1391,65545,2,1605917476,0,"efd275",100,"2020-11-21T20:22:36.000Z"
1392,65546,2,1605971925,0,"f1e0b5",100,"2020-11-21T20:22:36.000Z"
1393,65547,2,1605971918,0,"f1e0b5",100,"2020-11-21T20:22:36.000Z"
1394,65548,2,1605984252,0,"f5faf6",100,"2020-11-21T20:22:36.000Z"
1395,65549,2,1605953576,1,"f1e0b5",100,"2020-11-21T20:22:36.000Z"
1396,65552,2,1605982738,0,"f1e0b5",100,"2020-11-21T20:22:36.000Z"
1397,65553,2,1605953580,0,"f1e0b5",100,"2020-11-21T20:22:36.000Z"
1398,65551,2,1605953599,0,"f1e0b5",100,"2020-11-21T20:22:36.000Z"
1399,65555,2,1605971910,0,"f1e0b5",100,"2020-11-21T20:22:36.000Z"
1400,65554,2,1603707195,0,"f1e0b5",100,"2020-11-21T20:22:36.000Z"
1401,65557,2,1605977810,0,"f1e0b5",50,"2020-11-21T20:22:36.000Z"
1402,65556,2,1605977803,0,"f1e0b5",49,"2020-11-21T20:22:36.000Z"